audio,text,description
/home/jupyter-koustav/fine_tuning/test_1/12741024238657315067.wav,unfortunately studying traffic flow is difficult because driver behavior cannot be predicted with one-hundred percent certainty,A male speaker speaks clearly in English with a natural tone and moderate pace in a quiet environment.
/home/jupyter-koustav/fine_tuning/test_1/9055240296608129734.wav,unfortunately studying traffic flow is difficult because driver behavior cannot be predicted with one-hundred percent certainty,A female speaker speaks clearly in English with a natural tone and moderate pace in a quiet environment.
/home/jupyter-koustav/fine_tuning/test_1/621925716775998155.wav,twentieth century research has shown that there are two pools of genetic variation hidden and expressed,A female speaker speaks clearly in English with a natural tone and moderate pace in a quiet environment.
/home/jupyter-koustav/fine_tuning/test_1/10335587906469246566.wav,twentieth century research has shown that there are two pools of genetic variation hidden and expressed,A female speaker speaks clearly in English with a natural tone and moderate pace in a quiet environment.
/home/jupyter-koustav/fine_tuning/test_1/2589557553267364799.wav,remember that even though music on the main stages may have finished there may be sections of the festival that will keep playing music until late into the night,A female speaker speaks clearly in English with a natural tone and moderate pace in a quiet environment.
/home/jupyter-koustav/fine_tuning/test_1/17824557748066874904.wav,remember that even though music on the main stages may have finished there may be sections of the festival that will keep playing music until late into the night,A male speaker speaks clearly in English with a natural tone and moderate pace in a quiet environment.
/home/jupyter-koustav/fine_tuning/test_1/8173060820032255320.wav,police superintendent chandra shekhar solanki said the accused appeared in court with covered faces,A male speaker speaks clearly in English with a natural tone and moderate pace in a quiet environment.
/home/jupyter-koustav/fine_tuning/test_1/15618717836108767541.wav,police superintendent chandra shekhar solanki said the accused appeared in court with covered faces,A female speaker speaks clearly in English with a natural tone and moderate pace in a quiet environment.
/home/jupyter-koustav/fine_tuning/test_1/2652155470394119415.wav,the term bug is used by entomologists in a formal sense for this group of insects,A female speaker speaks clearly in English with a natural tone and moderate pace in a quiet environment.
/home/jupyter-koustav/fine_tuning/test_1/14585898865749103727.wav,the term bug is used by entomologists in a formal sense for this group of insects,A female speaker speaks clearly in English with a natural tone and moderate pace in a quiet environment.
/home/jupyter-koustav/fine_tuning/test_1/18066939864018796519.wav,popular sports include football basketball volleyball water-polo fencing rugby cycling ice hockey roller hockey and f1 motor racing,A female speaker speaks clearly in English with a natural tone and moderate pace in a quiet environment.
/home/jupyter-koustav/fine_tuning/test_1/15648812079343683412.wav,popular sports include football basketball volleyball water-polo fencing rugby cycling ice hockey roller hockey and f1 motor racing,A female speaker speaks clearly in English with a natural tone and moderate pace in a quiet environment.
/home/jupyter-koustav/fine_tuning/test_1/16847628585853049714.wav,you can use boda-boda motorcycle taxi to get around goma. the normal local price is ~500 congolese francs for the short ride,A male speaker speaks clearly in English with a natural tone and moderate pace in a quiet environment.
/home/jupyter-koustav/fine_tuning/test_1/8756381645087147947.wav,you can use boda-boda motorcycle taxi to get around goma. the normal local price is ~500 congolese francs for the short ride,A male speaker speaks clearly in English with a natural tone and moderate pace in a quiet environment.
/home/jupyter-koustav/fine_tuning/test_1/1596269393232229615.wav,bishkek was described as sinking into a state of anarchy by one observer as gangs of people roamed the streets and plundered stores of consumer goods,A female speaker speaks clearly in English with a natural tone and moderate pace in a quiet environment.
/home/jupyter-koustav/fine_tuning/test_1/16355757648693617724.wav,bishkek was described as sinking into a state of anarchy by one observer as gangs of people roamed the streets and plundered stores of consumer goods,A female speaker speaks clearly in English with a natural tone and moderate pace in a quiet environment.
/home/jupyter-koustav/fine_tuning/test_1/2637301866626572038.wav,during the revolutionary war the thirteen states first formed a weak central government-with the congress being its only component-under the articles of confederation,A female speaker speaks clearly in English with a natural tone and moderate pace in a quiet environment.
/home/jupyter-koustav/fine_tuning/test_1/2939761992885557861.wav,during the revolutionary war the thirteen states first formed a weak central government-with the congress being its only component-under the articles of confederation,A female speaker speaks clearly in English with a natural tone and moderate pace in a quiet environment.
/home/jupyter-koustav/fine_tuning/test_1/1722118868151836971.wav,current senator and argentine first lady cristina fernandez de kirchner announced her presidential candidacy yesterday evening in la plata a city 50 kilometers 31 miles away from buenos aires,A male speaker speaks clearly in English with a natural tone and moderate pace in a quiet environment.
/home/jupyter-koustav/fine_tuning/test_1/18080893208509673354.wav,current senator and argentine first lady cristina fernandez de kirchner announced her presidential candidacy yesterday evening in la plata a city 50 kilometers 31 miles away from buenos aires,A female speaker speaks clearly in English with a natural tone and moderate pace in a quiet environment.
/home/jupyter-koustav/fine_tuning/test_1/13230261475791184258.wav,the governor's office said nineteen of the injured were police officers,A female speaker speaks clearly in English with a natural tone and moderate pace in a quiet environment.
/home/jupyter-koustav/fine_tuning/test_1/12164368102080603077.wav,the governor's office said nineteen of the injured were police officers,A female speaker speaks clearly in English with a natural tone and moderate pace in a quiet environment.
/home/jupyter-koustav/fine_tuning/test_1/5106380017322065030.wav,however that is not true although there is something written on the back of the document it is not a treasure map,A male speaker speaks clearly in English with a natural tone and moderate pace in a quiet environment.
/home/jupyter-koustav/fine_tuning/test_1/1618638950277648344.wav,however that is not true although there is something written on the back of the document it is not a treasure map,A male speaker speaks clearly in English with a natural tone and moderate pace in a quiet environment.
/home/jupyter-koustav/fine_tuning/test_1/10492135991603561867.wav,in some areas boiling water for a minute is enough in others several minutes are needed,A female speaker speaks clearly in English with a natural tone and moderate pace in a quiet environment.
/home/jupyter-koustav/fine_tuning/test_1/2254021119996292300.wav,in some areas boiling water for a minute is enough in others several minutes are needed,A female speaker speaks clearly in English with a natural tone and moderate pace in a quiet environment.
/home/jupyter-koustav/fine_tuning/test_1/6817878979697223927.wav,all nouns alongside the word sie for you always begin with a capital letter even in the middle of a sentence,A female speaker speaks clearly in English with a natural tone and moderate pace in a quiet environment.
/home/jupyter-koustav/fine_tuning/test_1/10052240106321793346.wav,all nouns alongside the word sie for you always begin with a capital letter even in the middle of a sentence,A male speaker speaks clearly in English with a natural tone and moderate pace in a quiet environment.
/home/jupyter-koustav/fine_tuning/test_1/10197164397713068203.wav,the cabbage juice changes color depending on how acidic or basic alkaline the chemical is,A female speaker speaks clearly in English with a natural tone and moderate pace in a quiet environment.
/home/jupyter-koustav/fine_tuning/test_1/13006273800980159403.wav,the cabbage juice changes color depending on how acidic or basic alkaline the chemical is,A female speaker speaks clearly in English with a natural tone and moderate pace in a quiet environment.
/home/jupyter-koustav/fine_tuning/test_1/1218355507714944126.wav,in its early days the show was featured solely at the long-running internet radio site toginet radio a site focused on talk radio,A male speaker speaks clearly in English with a natural tone and moderate pace in a quiet environment.
/home/jupyter-koustav/fine_tuning/test_1/5606750157981126233.wav,in its early days the show was featured solely at the long-running internet radio site toginet radio a site focused on talk radio,A female speaker speaks clearly in English with a natural tone and moderate pace in a quiet environment.
/home/jupyter-koustav/fine_tuning/test_1/283614893570272908.wav,four skiers in the women's sitting group failed to finish their runs and 45 of the 117 total skiers in the giant slalom failed to rank in the race,A female speaker speaks clearly in English with a natural tone and moderate pace in a quiet environment.
/home/jupyter-koustav/fine_tuning/test_1/4498797456222901763.wav,four skiers in the women's sitting group failed to finish their runs and 45 of the 117 total skiers in the giant slalom failed to rank in the race,A female speaker speaks clearly in English with a natural tone and moderate pace in a quiet environment.
/home/jupyter-koustav/fine_tuning/test_1/4496786334735634498.wav,"apia is the capital of samoa the town is on the island of upolu and has a population of just under 40,000",A male speaker speaks clearly in English with a natural tone and moderate pace in a quiet environment.
/home/jupyter-koustav/fine_tuning/test_1/9431561488681290113.wav,"apia is the capital of samoa the town is on the island of upolu and has a population of just under 40,000",A female speaker speaks clearly in English with a natural tone and moderate pace in a quiet environment.
/home/jupyter-koustav/fine_tuning/test_1/5505398583576174352.wav,perry stated that he would return to texas to assess the results of tonight's caucus determine whether there is a path forward for myself in this race but later said that he would remain in the race and compete in the january 21 south carolina primary,A female speaker speaks clearly in English with a natural tone and moderate pace in a quiet environment.
/home/jupyter-koustav/fine_tuning/test_1/2467414061703477879.wav,perry stated that he would return to texas to assess the results of tonight's caucus determine whether there is a path forward for myself in this race but later said that he would remain in the race and compete in the january 21 south carolina primary,A female speaker speaks clearly in English with a natural tone and moderate pace in a quiet environment.
/home/jupyter-koustav/fine_tuning/test_1/6917907748364342404.wav,he did not set a figure for the cuts saying they will be made based on china's economic output,A female speaker speaks clearly in English with a natural tone and moderate pace in a quiet environment.
/home/jupyter-koustav/fine_tuning/test_1/8546403500877190903.wav,he did not set a figure for the cuts saying they will be made based on china's economic output,A female speaker speaks clearly in English with a natural tone and moderate pace in a quiet environment.
/home/jupyter-koustav/fine_tuning/test_1/16851035292487940942.wav,after the dam was built in 1963 the seasonal floods that would spread sediment throughout the river were halted,A female speaker speaks clearly in English with a natural tone and moderate pace in a quiet environment.
/home/jupyter-koustav/fine_tuning/test_1/1633905380187706594.wav,after the dam was built in 1963 the seasonal floods that would spread sediment throughout the river were halted,A male speaker speaks clearly in English with a natural tone and moderate pace in a quiet environment.
/home/jupyter-koustav/fine_tuning/test_1/6852813781354643345.wav,its long jaws were studded with more than 70 razor-sharp teeth along with an extra set in the roof of its mouth meaning that there was no escape for anything that crossed its path,A female speaker speaks clearly in English with a natural tone and moderate pace in a quiet environment.
/home/jupyter-koustav/fine_tuning/test_1/3585583328394597156.wav,its long jaws were studded with more than 70 razor-sharp teeth along with an extra set in the roof of its mouth meaning that there was no escape for anything that crossed its path,A male speaker speaks clearly in English with a natural tone and moderate pace in a quiet environment.
/home/jupyter-koustav/fine_tuning/test_1/11536232800365538941.wav,the sundarbans are the largest littoral mangrove belt in the world stretching 80 km 50 mi into the bangladeshi and indian hinterland from the coast,A female speaker speaks clearly in English with a natural tone and moderate pace in a quiet environment.
/home/jupyter-koustav/fine_tuning/test_1/11593450817032542587.wav,the sundarbans are the largest littoral mangrove belt in the world stretching 80 km 50 mi into the bangladeshi and indian hinterland from the coast,A female speaker speaks clearly in English with a natural tone and moderate pace in a quiet environment.
/home/jupyter-koustav/fine_tuning/test_1/3927163358777802368.wav,researchers from princeton university in the united states and uppsala university in sweden reported the new species evolved in just two generations though this process had been believed to take much longer due to breeding between an endemic darwin finch geospiza fortes and the immigrant cactus finch geospiza conirostris,A female speaker speaks clearly in English with a natural tone and moderate pace in a quiet environment.
/home/jupyter-koustav/fine_tuning/test_1/16824485789160047135.wav,australia's mitchell gourley finished eleventh in the men's standing super-g czech competitor oldrich jelinek finished sixteenth in the men's sitting super-g,A female speaker speaks clearly in English with a natural tone and moderate pace in a quiet environment.
/home/jupyter-koustav/fine_tuning/test_1/14993919225529607964.wav,australia's mitchell gourley finished eleventh in the men's standing super-g czech competitor oldrich jelinek finished sixteenth in the men's sitting super-g,A male speaker speaks clearly in English with a natural tone and moderate pace in a quiet environment.
/home/jupyter-koustav/fine_tuning/test_1/11705046490861852963.wav,first most riders wear riding boots with a heel and a smooth quite narrow sole,A female speaker speaks clearly in English with a natural tone and moderate pace in a quiet environment.
/home/jupyter-koustav/fine_tuning/test_1/559615000143317446.wav,first most riders wear riding boots with a heel and a smooth quite narrow sole,A female speaker speaks clearly in English with a natural tone and moderate pace in a quiet environment.
/home/jupyter-koustav/fine_tuning/test_1/18320871674783850842.wav,hong kong island gives the territory of hong kong its name and is the place that many tourists regard as the main focus,A female speaker speaks clearly in English with a natural tone and moderate pace in a quiet environment.
/home/jupyter-koustav/fine_tuning/test_1/5907599423488165658.wav,hong kong island gives the territory of hong kong its name and is the place that many tourists regard as the main focus,A male speaker speaks clearly in English with a natural tone and moderate pace in a quiet environment.
/home/jupyter-koustav/fine_tuning/test_1/3502277023574363012.wav,prides are made up of one to three related adult males along with as many as thirty females and cubs,A female speaker speaks clearly in English with a natural tone and moderate pace in a quiet environment.
/home/jupyter-koustav/fine_tuning/test_1/15592925372393530543.wav,prides are made up of one to three related adult males along with as many as thirty females and cubs,A female speaker speaks clearly in English with a natural tone and moderate pace in a quiet environment.
/home/jupyter-koustav/fine_tuning/test_1/17087438879836851456.wav,layton had asked for changes to the conservatives' environmental bill during the meeting with the pm asking for a thorough and complete rewriting of the conservative party's environmental bill,A female speaker speaks clearly in English with a natural tone and moderate pace in a quiet environment.
/home/jupyter-koustav/fine_tuning/test_1/6507390080013738113.wav,layton had asked for changes to the conservatives' environmental bill during the meeting with the pm asking for a thorough and complete rewriting of the conservative party's environmental bill,A female speaker speaks clearly in English with a natural tone and moderate pace in a quiet environment.
/home/jupyter-koustav/fine_tuning/test_1/1605300975319497622.wav,vatican city's population is around 800 it is the smallest independent country in the world and the country with the lowest population,A male speaker speaks clearly in English with a natural tone and moderate pace in a quiet environment.
/home/jupyter-koustav/fine_tuning/test_1/11265842188315045636.wav,vatican city's population is around 800 it is the smallest independent country in the world and the country with the lowest population,A female speaker speaks clearly in English with a natural tone and moderate pace in a quiet environment.
/home/jupyter-koustav/fine_tuning/test_1/7587276269543309929.wav,in the warm climate of the middle east the house was not so important,A male speaker speaks clearly in English with a natural tone and moderate pace in a quiet environment.
/home/jupyter-koustav/fine_tuning/test_1/4838660681321542582.wav,in the warm climate of the middle east the house was not so important,A female speaker speaks clearly in English with a natural tone and moderate pace in a quiet environment.
/home/jupyter-koustav/fine_tuning/test_1/8324220666349639753.wav,this seems sensible because the earth doesn't feel as if it's moving does it,A female speaker speaks clearly in English with a natural tone and moderate pace in a quiet environment.
/home/jupyter-koustav/fine_tuning/test_1/3529855487992513201.wav,this seems sensible because the earth doesn't feel as if it's moving does it,A female speaker speaks clearly in English with a natural tone and moderate pace in a quiet environment.
/home/jupyter-koustav/fine_tuning/test_1/5407053594615190090.wav,ancient china had a unique way of showing different time periods each stage of china or each family that was in power was a distinctive dynasty,A male speaker speaks clearly in English with a natural tone and moderate pace in a quiet environment.
/home/jupyter-koustav/fine_tuning/test_1/7366992441583559574.wav,ancient china had a unique way of showing different time periods each stage of china or each family that was in power was a distinctive dynasty,A male speaker speaks clearly in English with a natural tone and moderate pace in a quiet environment.
/home/jupyter-koustav/fine_tuning/test_1/10861831846737909528.wav,in the north the region is bounded by the sahel and in the south and west by the atlantic ocean,A male speaker speaks clearly in English with a natural tone and moderate pace in a quiet environment.
/home/jupyter-koustav/fine_tuning/test_1/6656552880161745727.wav,in the north the region is bounded by the sahel and in the south and west by the atlantic ocean,A female speaker speaks clearly in English with a natural tone and moderate pace in a quiet environment.
/home/jupyter-koustav/fine_tuning/test_1/8268356342449509719.wav,duvall who is married with two adult children did not leave a big impression on miller to whom the story was related,A male speaker speaks clearly in English with a natural tone and moderate pace in a quiet environment.
/home/jupyter-koustav/fine_tuning/test_1/17737260257548671107.wav,duvall who is married with two adult children did not leave a big impression on miller to whom the story was related,A female speaker speaks clearly in English with a natural tone and moderate pace in a quiet environment.
/home/jupyter-koustav/fine_tuning/test_1/6354316372780583820.wav,although ai has a strong connotation of science fiction ai forms a very important branch of computer science dealing with behavior learning and intelligent adaptation in a machine,A male speaker speaks clearly in English with a natural tone and moderate pace in a quiet environment.
/home/jupyter-koustav/fine_tuning/test_1/7053482366261158.wav,although ai has a strong connotation of science fiction ai forms a very important branch of computer science dealing with behavior learning and intelligent adaptation in a machine,A male speaker speaks clearly in English with a natural tone and moderate pace in a quiet environment.
/home/jupyter-koustav/fine_tuning/test_1/5433314566767233828.wav,after the accident occurred gibson was transported to a hospital but died shortly afterwards,A female speaker speaks clearly in English with a natural tone and moderate pace in a quiet environment.
/home/jupyter-koustav/fine_tuning/test_1/2786302614981736925.wav,people now write messages on computer screens never having to come close to a sharpener,A female speaker speaks clearly in English with a natural tone and moderate pace in a quiet environment.
/home/jupyter-koustav/fine_tuning/test_1/2381187994276969930.wav,people now write messages on computer screens never having to come close to a sharpener,A male speaker speaks clearly in English with a natural tone and moderate pace in a quiet environment.
/home/jupyter-koustav/fine_tuning/test_1/12381237049043414166.wav,muhammad was deeply interested in matters beyond this mundane life. he used to frequent a cave that became known as  hira‘” on the mountain of  noor” light for contemplation,A female speaker speaks clearly in English with a natural tone and moderate pace in a quiet environment.
/home/jupyter-koustav/fine_tuning/test_1/1876924768395363851.wav,muhammad was deeply interested in matters beyond this mundane life. he used to frequent a cave that became known as  hira‘” on the mountain of  noor” light for contemplation,A male speaker speaks clearly in English with a natural tone and moderate pace in a quiet environment.
/home/jupyter-koustav/fine_tuning/test_1/5657427923960079748.wav,some people thought he was right but many people believed the opposite; that the solar system moved around the earth including the sun and even the other stars,A female speaker speaks clearly in English with a natural tone and moderate pace in a quiet environment.
/home/jupyter-koustav/fine_tuning/test_1/837008417921522673.wav,some people thought he was right but many people believed the opposite; that the solar system moved around the earth including the sun and even the other stars,A female speaker speaks clearly in English with a natural tone and moderate pace in a quiet environment.
/home/jupyter-koustav/fine_tuning/test_1/1944915261206096046.wav,swirl the two dry powders together and then with clean wet hands squeeze them into a ball,A female speaker speaks clearly in English with a natural tone and moderate pace in a quiet environment.
/home/jupyter-koustav/fine_tuning/test_1/13031516147694203229.wav,swirl the two dry powders together and then with clean wet hands squeeze them into a ball,A male speaker speaks clearly in English with a natural tone and moderate pace in a quiet environment.
/home/jupyter-koustav/fine_tuning/test_1/14076834086577911298.wav,when all available resources are effectively used across the functional departments of an organization creativity and ingenuity can transpire,A female speaker speaks clearly in English with a natural tone and moderate pace in a quiet environment.
/home/jupyter-koustav/fine_tuning/test_1/13130060533227294993.wav,the moisture on your hands will react with the outer layers which will feel funny and form a sort of shell,A male speaker speaks clearly in English with a natural tone and moderate pace in a quiet environment.
/home/jupyter-koustav/fine_tuning/test_1/11987168412167267165.wav,the moisture on your hands will react with the outer layers which will feel funny and form a sort of shell,A male speaker speaks clearly in English with a natural tone and moderate pace in a quiet environment.
/home/jupyter-koustav/fine_tuning/test_1/15667010054869079797.wav,during this period of european history the catholic church which had become rich and powerful came under scrutiny,A male speaker speaks clearly in English with a natural tone and moderate pace in a quiet environment.
/home/jupyter-koustav/fine_tuning/test_1/1116401173651214130.wav,during this period of european history the catholic church which had become rich and powerful came under scrutiny,A male speaker speaks clearly in English with a natural tone and moderate pace in a quiet environment.
/home/jupyter-koustav/fine_tuning/test_1/17257800930548614745.wav,in the archipelagos and lakes you do not necessarily need a yacht,A male speaker speaks clearly in English with a natural tone and moderate pace in a quiet environment.
/home/jupyter-koustav/fine_tuning/test_1/7546471028199266685.wav,in the archipelagos and lakes you do not necessarily need a yacht,A male speaker speaks clearly in English with a natural tone and moderate pace in a quiet environment.
/home/jupyter-koustav/fine_tuning/test_1/3362263413020550013.wav,in particular it is claimed that one can detect whether a person is lying by interpreting micro-expressions correctly,A female speaker speaks clearly in English with a natural tone and moderate pace in a quiet environment.
/home/jupyter-koustav/fine_tuning/test_1/13029464143980259888.wav,in particular it is claimed that one can detect whether a person is lying by interpreting micro-expressions correctly,A female speaker speaks clearly in English with a natural tone and moderate pace in a quiet environment.
/home/jupyter-koustav/fine_tuning/test_1/7489324500816890474.wav,during the struggle for independence organised by the mau movement a peaceful gathering in the town resulted in the killing of the paramount chief tupua tamasese lealofi iii,A male speaker speaks clearly in English with a natural tone and moderate pace in a quiet environment.
/home/jupyter-koustav/fine_tuning/test_1/2642023010607031328.wav,during the struggle for independence organised by the mau movement a peaceful gathering in the town resulted in the killing of the paramount chief tupua tamasese lealofi iii,A female speaker speaks clearly in English with a natural tone and moderate pace in a quiet environment.
/home/jupyter-koustav/fine_tuning/test_1/10323357556845456822.wav,the northern marianas emergency management office said that there were no damages reported in the nation,A female speaker speaks clearly in English with a natural tone and moderate pace in a quiet environment.
/home/jupyter-koustav/fine_tuning/test_1/8491962032427728850.wav,the northern marianas emergency management office said that there were no damages reported in the nation,A female speaker speaks clearly in English with a natural tone and moderate pace in a quiet environment.
/home/jupyter-koustav/fine_tuning/test_1/221216034074176262.wav,segregation and recombination shuffle variation back and forth between the two pools with each generation,A male speaker speaks clearly in English with a natural tone and moderate pace in a quiet environment.
/home/jupyter-koustav/fine_tuning/test_1/13888599635337906526.wav,segregation and recombination shuffle variation back and forth between the two pools with each generation,A male speaker speaks clearly in English with a natural tone and moderate pace in a quiet environment.
/home/jupyter-koustav/fine_tuning/test_1/4103166808026076685.wav,he added that they should not however be asked to take on obligations that go beyond their development stage responsibility and capabilities,A male speaker speaks clearly in English with a natural tone and moderate pace in a quiet environment.
/home/jupyter-koustav/fine_tuning/test_1/14805661830607478688.wav,he added that they should not however be asked to take on obligations that go beyond their development stage responsibility and capabilities,A male speaker speaks clearly in English with a natural tone and moderate pace in a quiet environment.
/home/jupyter-koustav/fine_tuning/test_1/8395660467583137383.wav,regional and seasonal severe weather phenomena include blizzards snowstorms ice storms and dust storms,A male speaker speaks clearly in English with a natural tone and moderate pace in a quiet environment.
/home/jupyter-koustav/fine_tuning/test_1/8582392026322819617.wav,regional and seasonal severe weather phenomena include blizzards snowstorms ice storms and dust storms,A female speaker speaks clearly in English with a natural tone and moderate pace in a quiet environment.
/home/jupyter-koustav/fine_tuning/test_1/8398257681626621326.wav,dr malar balasubramanian 29 was found in blue ash ohio a suburb approximately 15 miles north of cincinnati lying on the ground beside the road in a t-shirt and underwear in an apparently heavily medicated state,A female speaker speaks clearly in English with a natural tone and moderate pace in a quiet environment.
/home/jupyter-koustav/fine_tuning/test_1/2880067776280655708.wav,dr malar balasubramanian 29 was found in blue ash ohio a suburb approximately 15 miles north of cincinnati lying on the ground beside the road in a t-shirt and underwear in an apparently heavily medicated state,A female speaker speaks clearly in English with a natural tone and moderate pace in a quiet environment.
/home/jupyter-koustav/fine_tuning/test_1/4446007980468141561.wav,while this is often only an inaccurate stereotype the best way to get along in paris still is to be on your best behavior acting like someone who is bien élevé well brought up. it will make getting about considerably easier,A male speaker speaks clearly in English with a natural tone and moderate pace in a quiet environment.
/home/jupyter-koustav/fine_tuning/test_1/2347162438493420663.wav,while this is often only an inaccurate stereotype the best way to get along in paris still is to be on your best behavior acting like someone who is bien élevé well brought up. it will make getting about considerably easier,A male speaker speaks clearly in English with a natural tone and moderate pace in a quiet environment.
/home/jupyter-koustav/fine_tuning/test_1/3562415917464695718.wav,the smaller the rossby number the less active the star with respect to magnetic reversals,A female speaker speaks clearly in English with a natural tone and moderate pace in a quiet environment.
/home/jupyter-koustav/fine_tuning/test_1/12356293452530186109.wav,everyone participates in society and uses transportation systems almost everyone complains about transportation systems,A male speaker speaks clearly in English with a natural tone and moderate pace in a quiet environment.
/home/jupyter-koustav/fine_tuning/test_1/15505806025419963341.wav,everyone participates in society and uses transportation systems almost everyone complains about transportation systems,A female speaker speaks clearly in English with a natural tone and moderate pace in a quiet environment.
/home/jupyter-koustav/fine_tuning/test_1/15228527404193944906.wav,it is thinner under the maria and thicker under the highlands,A male speaker speaks clearly in English with a natural tone and moderate pace in a quiet environment.
/home/jupyter-koustav/fine_tuning/test_1/16725549094651424150.wav,it is thinner under the maria and thicker under the highlands,A female speaker speaks clearly in English with a natural tone and moderate pace in a quiet environment.
/home/jupyter-koustav/fine_tuning/test_1/1042003289011443756.wav,the internet combines elements of both mass and interpersonal communication,A male speaker speaks clearly in English with a natural tone and moderate pace in a quiet environment.
/home/jupyter-koustav/fine_tuning/test_1/5536399024273287176.wav,the internet combines elements of both mass and interpersonal communication,A male speaker speaks clearly in English with a natural tone and moderate pace in a quiet environment.
/home/jupyter-koustav/fine_tuning/test_1/6745531990699497785.wav,he was subsequently relocated to addenbrooke's hospital in cambridge,A female speaker speaks clearly in English with a natural tone and moderate pace in a quiet environment.
/home/jupyter-koustav/fine_tuning/test_1/10899527843662463911.wav,he was subsequently relocated to addenbrooke's hospital in cambridge,A female speaker speaks clearly in English with a natural tone and moderate pace in a quiet environment.
/home/jupyter-koustav/fine_tuning/test_1/13542330409815692480.wav,we agree with the usoc's statement that the interests of our athletes and clubs and their sport may be better served by moving forward with meaningful change within our organization rather than decertification,A male speaker speaks clearly in English with a natural tone and moderate pace in a quiet environment.
/home/jupyter-koustav/fine_tuning/test_1/1727490782035998315.wav,no tsunami warning has been issued and according to the jakarta geophysics agency no tsunami warning will be issued because the quake did not meet the magnitude 6.5 requirement,A female speaker speaks clearly in English with a natural tone and moderate pace in a quiet environment.
/home/jupyter-koustav/fine_tuning/test_1/7610837418342439800.wav,no tsunami warning has been issued and according to the jakarta geophysics agency no tsunami warning will be issued because the quake did not meet the magnitude 6.5 requirement,A male speaker speaks clearly in English with a natural tone and moderate pace in a quiet environment.
/home/jupyter-koustav/fine_tuning/test_1/9817077029864554533.wav,people have known about basic chemical elements such as gold silver and copper from antiquity as these can all be discovered in nature in native form and are relatively simple to mine with primitive tools,A female speaker speaks clearly in English with a natural tone and moderate pace in a quiet environment.
/home/jupyter-koustav/fine_tuning/test_1/16010170383637871536.wav,people have known about basic chemical elements such as gold silver and copper from antiquity as these can all be discovered in nature in native form and are relatively simple to mine with primitive tools,A female speaker speaks clearly in English with a natural tone and moderate pace in a quiet environment.
/home/jupyter-koustav/fine_tuning/test_1/4821372520807131.wav,ironing damp clothes can help them dry many hotels have an iron and ironing board available for loan even if one is not present in the room,A female speaker speaks clearly in English with a natural tone and moderate pace in a quiet environment.
/home/jupyter-koustav/fine_tuning/test_1/4780196329895653733.wav,ironing damp clothes can help them dry many hotels have an iron and ironing board available for loan even if one is not present in the room,A female speaker speaks clearly in English with a natural tone and moderate pace in a quiet environment.
/home/jupyter-koustav/fine_tuning/test_1/10536763405165824117.wav,as a result two fish species have become extinct and two others have become endangered including the humpback chub,A male speaker speaks clearly in English with a natural tone and moderate pace in a quiet environment.
/home/jupyter-koustav/fine_tuning/test_1/11060294228176938598.wav,as a result two fish species have become extinct and two others have become endangered including the humpback chub,A female speaker speaks clearly in English with a natural tone and moderate pace in a quiet environment.
/home/jupyter-koustav/fine_tuning/test_1/17656538893065595043.wav,the three kingdoms was one of the bloodiest eras in ancient china's history thousands of people died fighting to sit in the highest seat in the grand palace at xi'an,A female speaker speaks clearly in English with a natural tone and moderate pace in a quiet environment.
/home/jupyter-koustav/fine_tuning/test_1/2479496904141533095.wav,the three kingdoms was one of the bloodiest eras in ancient china's history thousands of people died fighting to sit in the highest seat in the grand palace at xi'an,A female speaker speaks clearly in English with a natural tone and moderate pace in a quiet environment.
/home/jupyter-koustav/fine_tuning/test_1/13070914954918539330.wav,the composition of these crystals matches those found in the urine of affected pets when compared by infrared spectroscopy ftir,A male speaker speaks clearly in English with a natural tone and moderate pace in a quiet environment.
/home/jupyter-koustav/fine_tuning/test_1/1770419804458122000.wav,the composition of these crystals matches those found in the urine of affected pets when compared by infrared spectroscopy ftir,A female speaker speaks clearly in English with a natural tone and moderate pace in a quiet environment.
/home/jupyter-koustav/fine_tuning/test_1/15622589675144910207.wav,the great pyramid at giza is the only one of the seven wonders that is still standing today,A female speaker speaks clearly in English with a natural tone and moderate pace in a quiet environment.
/home/jupyter-koustav/fine_tuning/test_1/16234809612157196531.wav,the great pyramid at giza is the only one of the seven wonders that is still standing today,A female speaker speaks clearly in English with a natural tone and moderate pace in a quiet environment.
/home/jupyter-koustav/fine_tuning/test_1/4491697341889976683.wav,if you're not used to driving on country roads keep your wits about you steep grades narrow lanes and sharp curves predominate,A female speaker speaks clearly in English with a natural tone and moderate pace in a quiet environment.
/home/jupyter-koustav/fine_tuning/test_1/2258483735861631299.wav,if you're not used to driving on country roads keep your wits about you steep grades narrow lanes and sharp curves predominate,A male speaker speaks clearly in English with a natural tone and moderate pace in a quiet environment.
/home/jupyter-koustav/fine_tuning/test_1/17382227205265930996.wav,accepted were aristotle's views on all matters of science including psychology,A female speaker speaks clearly in English with a natural tone and moderate pace in a quiet environment.
/home/jupyter-koustav/fine_tuning/test_1/3702958695101050591.wav,accepted were aristotle's views on all matters of science including psychology,A female speaker speaks clearly in English with a natural tone and moderate pace in a quiet environment.
/home/jupyter-koustav/fine_tuning/test_1/3306779845046917300.wav,del potro had the early advantage in the second set but this too required a tie break after reaching 6-6,A female speaker speaks clearly in English with a natural tone and moderate pace in a quiet environment.
/home/jupyter-koustav/fine_tuning/test_1/9906376183448922344.wav,plants make oxygen which humans breathe and they take in carbon-dioxide which humans exhale that is breathe out,A male speaker speaks clearly in English with a natural tone and moderate pace in a quiet environment.
/home/jupyter-koustav/fine_tuning/test_1/12682843461389402977.wav,plants make oxygen which humans breathe and they take in carbon-dioxide which humans exhale that is breathe out,A female speaker speaks clearly in English with a natural tone and moderate pace in a quiet environment.
/home/jupyter-koustav/fine_tuning/test_1/2372674739221720006.wav,people may not anticipate that patience and understanding are also necessary for travellers returning home,A female speaker speaks clearly in English with a natural tone and moderate pace in a quiet environment.
/home/jupyter-koustav/fine_tuning/test_1/4727095276781970486.wav,people may not anticipate that patience and understanding are also necessary for travellers returning home,A male speaker speaks clearly in English with a natural tone and moderate pace in a quiet environment.
/home/jupyter-koustav/fine_tuning/test_1/7237307653762156914.wav,"however the percentage of xdr-tb in the entire group of people with tuberculosis still seems to be low 6,000 of the total 330,000 people infected at any particular moment in south africa",A female speaker speaks clearly in English with a natural tone and moderate pace in a quiet environment.
/home/jupyter-koustav/fine_tuning/test_1/18338037673431314900.wav,feral children may have experienced severe child abuse or trauma before being abandoned or running away,A female speaker speaks clearly in English with a natural tone and moderate pace in a quiet environment.
/home/jupyter-koustav/fine_tuning/test_1/15257026998252037010.wav,feral children may have experienced severe child abuse or trauma before being abandoned or running away,A female speaker speaks clearly in English with a natural tone and moderate pace in a quiet environment.
/home/jupyter-koustav/fine_tuning/test_1/15004506730396162914.wav,he has been unable to take the drugs needed to overcome his pain as they are banned from the games,A female speaker speaks clearly in English with a natural tone and moderate pace in a quiet environment.
/home/jupyter-koustav/fine_tuning/test_1/18202947038243735021.wav,he has been unable to take the drugs needed to overcome his pain as they are banned from the games,A male speaker speaks clearly in English with a natural tone and moderate pace in a quiet environment.
/home/jupyter-koustav/fine_tuning/test_1/1043394666292127188.wav,these theories look at what it is about certain people that make them want the things that they do and what things in their environment will make them do or not do certain things,A male speaker speaks clearly in English with a natural tone and moderate pace in a quiet environment.
/home/jupyter-koustav/fine_tuning/test_1/15533201887617185536.wav,these theories look at what it is about certain people that make them want the things that they do and what things in their environment will make them do or not do certain things,A female speaker speaks clearly in English with a natural tone and moderate pace in a quiet environment.
/home/jupyter-koustav/fine_tuning/test_1/5358875111503056320.wav,as knowledge of greek declined the west found itself cut off from its greek philosophical and scientific roots,A female speaker speaks clearly in English with a natural tone and moderate pace in a quiet environment.
/home/jupyter-koustav/fine_tuning/test_1/11200231708585274851.wav,as knowledge of greek declined the west found itself cut off from its greek philosophical and scientific roots,A male speaker speaks clearly in English with a natural tone and moderate pace in a quiet environment.
/home/jupyter-koustav/fine_tuning/test_1/5381693779708341332.wav,the capital of moldova is chişinău. the local language is romanian but russian is widely used,A male speaker speaks clearly in English with a natural tone and moderate pace in a quiet environment.
/home/jupyter-koustav/fine_tuning/test_1/4186976662250569146.wav,the capital of moldova is chişinău. the local language is romanian but russian is widely used,A female speaker speaks clearly in English with a natural tone and moderate pace in a quiet environment.
/home/jupyter-koustav/fine_tuning/test_1/17541705185473334415.wav,this will allow players to control actions and movements in video games by moving the device through the air,A female speaker speaks clearly in English with a natural tone and moderate pace in a quiet environment.
/home/jupyter-koustav/fine_tuning/test_1/15359249341091182172.wav,children are placed in foster care for a wide variety of reasons that range from neglect to abuse and even to extortion,A female speaker speaks clearly in English with a natural tone and moderate pace in a quiet environment.
/home/jupyter-koustav/fine_tuning/test_1/14160468372285024125.wav,children are placed in foster care for a wide variety of reasons that range from neglect to abuse and even to extortion,A male speaker speaks clearly in English with a natural tone and moderate pace in a quiet environment.
/home/jupyter-koustav/fine_tuning/test_1/15935462347202880059.wav,resting on the top of one of the mountains north of mecca the cave is completely isolated from the rest of the world,A female speaker speaks clearly in English with a natural tone and moderate pace in a quiet environment.
/home/jupyter-koustav/fine_tuning/test_1/9273458614645013056.wav,the report is highly critical of almost every aspect of the present policy of the executive towards iraq and it urges an immediate change of direction,A female speaker speaks clearly in English with a natural tone and moderate pace in a quiet environment.
/home/jupyter-koustav/fine_tuning/test_1/2508559905589212221.wav,"their thermal behavior is not as steady as large caves on earth that often maintain a fairly constant temperature but it is consistent with these being deep holes in the ground, said glen cushing of the united states geological survey usgs astrogeology team and of northern arizona university located in flagstaff arizona",A male speaker speaks clearly in English with a natural tone and moderate pace in a quiet environment.
/home/jupyter-koustav/fine_tuning/test_1/6263891810431071444.wav,"their thermal behavior is not as steady as large caves on earth that often maintain a fairly constant temperature but it is consistent with these being deep holes in the ground, said glen cushing of the united states geological survey usgs astrogeology team and of northern arizona university located in flagstaff arizona",A female speaker speaks clearly in English with a natural tone and moderate pace in a quiet environment.
/home/jupyter-koustav/fine_tuning/test_1/6915474618514234246.wav,it also attacked anything that entered the water even a giant dinosaur such as t rex would be no match for it,A female speaker speaks clearly in English with a natural tone and moderate pace in a quiet environment.
/home/jupyter-koustav/fine_tuning/test_1/1616366247253366320.wav,it also attacked anything that entered the water even a giant dinosaur such as t rex would be no match for it,A female speaker speaks clearly in English with a natural tone and moderate pace in a quiet environment.
/home/jupyter-koustav/fine_tuning/test_1/10894616243452123700.wav,a well rounded athlete the tiger can climb though not well swim leap great distances and pull with five times the force of a strong human,A female speaker speaks clearly in English with a natural tone and moderate pace in a quiet environment.
/home/jupyter-koustav/fine_tuning/test_1/1277588711703410007.wav,a well rounded athlete the tiger can climb though not well swim leap great distances and pull with five times the force of a strong human,A male speaker speaks clearly in English with a natural tone and moderate pace in a quiet environment.
/home/jupyter-koustav/fine_tuning/test_1/17722393517246760407.wav,he was greeted by singapore's deputy prime minister wong kan seng and discussed trade and terrorism issues with the singapore prime minister lee hsien loong,A female speaker speaks clearly in English with a natural tone and moderate pace in a quiet environment.
/home/jupyter-koustav/fine_tuning/test_1/15094027080386890060.wav,he was greeted by singapore's deputy prime minister wong kan seng and discussed trade and terrorism issues with the singapore prime minister lee hsien loong,A female speaker speaks clearly in English with a natural tone and moderate pace in a quiet environment.
/home/jupyter-koustav/fine_tuning/test_1/2424735714200189273.wav,still take advice from authorities obey all signs and pay close attention to safety warnings,A male speaker speaks clearly in English with a natural tone and moderate pace in a quiet environment.
/home/jupyter-koustav/fine_tuning/test_1/4257743601527484794.wav,still take advice from authorities obey all signs and pay close attention to safety warnings,A female speaker speaks clearly in English with a natural tone and moderate pace in a quiet environment.
/home/jupyter-koustav/fine_tuning/test_1/6824515440136565318.wav,field trips are a large part of any classroom quite often a teacher would love to take her students places to which a bus trip is not an option,A female speaker speaks clearly in English with a natural tone and moderate pace in a quiet environment.
/home/jupyter-koustav/fine_tuning/test_1/6620866315580544260.wav,some atoms have unstable nuclei which means that they tend to break apart with little or no nudging,A male speaker speaks clearly in English with a natural tone and moderate pace in a quiet environment.
/home/jupyter-koustav/fine_tuning/test_1/4312337355143990691.wav,some atoms have unstable nuclei which means that they tend to break apart with little or no nudging,A female speaker speaks clearly in English with a natural tone and moderate pace in a quiet environment.
/home/jupyter-koustav/fine_tuning/test_1/11559094331412401332.wav,hydrogen ions are protons that had their electrons stripped off them since hydrogen atoms consist of one proton and one electron,A female speaker speaks clearly in English with a natural tone and moderate pace in a quiet environment.
/home/jupyter-koustav/fine_tuning/test_1/4171508807010088989.wav,hydrogen ions are protons that had their electrons stripped off them since hydrogen atoms consist of one proton and one electron,A female speaker speaks clearly in English with a natural tone and moderate pace in a quiet environment.
/home/jupyter-koustav/fine_tuning/test_1/11483786862560523973.wav,to the north and within easy reach is the romantic and fascinating town of sintra and which was made famous to foreigners after a glowing account of its splendours recorded by lord byron,A female speaker speaks clearly in English with a natural tone and moderate pace in a quiet environment.
/home/jupyter-koustav/fine_tuning/test_1/10167324587744183095.wav,to the north and within easy reach is the romantic and fascinating town of sintra and which was made famous to foreigners after a glowing account of its splendours recorded by lord byron,A female speaker speaks clearly in English with a natural tone and moderate pace in a quiet environment.
/home/jupyter-koustav/fine_tuning/test_1/12725120105000747485.wav,the announcement was made after trump had a phone conversation with turkish president recep tayyip erdoğan,A male speaker speaks clearly in English with a natural tone and moderate pace in a quiet environment.
/home/jupyter-koustav/fine_tuning/test_1/4638707534646618403.wav,the announcement was made after trump had a phone conversation with turkish president recep tayyip erdoğan,A female speaker speaks clearly in English with a natural tone and moderate pace in a quiet environment.
/home/jupyter-koustav/fine_tuning/test_1/1361225517388701679.wav,scotturb bus 403 travels regularly to sintra stopping at cabo da roca,A male speaker speaks clearly in English with a natural tone and moderate pace in a quiet environment.
/home/jupyter-koustav/fine_tuning/test_1/14396239747345303015.wav,scotturb bus 403 travels regularly to sintra stopping at cabo da roca,A female speaker speaks clearly in English with a natural tone and moderate pace in a quiet environment.
/home/jupyter-koustav/fine_tuning/test_1/7378917572989533960.wav,alloys are basically a mixture of two or more metals don't forget that there are many elements on the periodic table,A male speaker speaks clearly in English with a natural tone and moderate pace in a quiet environment.
/home/jupyter-koustav/fine_tuning/test_1/10614481583312370701.wav,alloys are basically a mixture of two or more metals don't forget that there are many elements on the periodic table,A male speaker speaks clearly in English with a natural tone and moderate pace in a quiet environment.
/home/jupyter-koustav/fine_tuning/test_1/1559267283424963143.wav,blogging is a tool that inspires collaboration and encourages students to extend learning well beyond the traditional school day,A male speaker speaks clearly in English with a natural tone and moderate pace in a quiet environment.
/home/jupyter-koustav/fine_tuning/test_1/77041922762474361.wav,blogging is a tool that inspires collaboration and encourages students to extend learning well beyond the traditional school day,A female speaker speaks clearly in English with a natural tone and moderate pace in a quiet environment.
/home/jupyter-koustav/fine_tuning/test_1/17629209318705923135.wav,there are of course christian theological explanations for this tradition but it may well be a pre-christian spring and fertility ritual,A female speaker speaks clearly in English with a natural tone and moderate pace in a quiet environment.
/home/jupyter-koustav/fine_tuning/test_1/3208417939957005389.wav,there are of course christian theological explanations for this tradition but it may well be a pre-christian spring and fertility ritual,A female speaker speaks clearly in English with a natural tone and moderate pace in a quiet environment.
/home/jupyter-koustav/fine_tuning/test_1/13875708868701082683.wav,you may also wish to consult the advice of governments other than your own but their advice is designed for their citizens,A female speaker speaks clearly in English with a natural tone and moderate pace in a quiet environment.
/home/jupyter-koustav/fine_tuning/test_1/9100750275960890476.wav,you may also wish to consult the advice of governments other than your own but their advice is designed for their citizens,A male speaker speaks clearly in English with a natural tone and moderate pace in a quiet environment.
/home/jupyter-koustav/fine_tuning/test_1/1003119935936341070.wav,however due to the slow communication channels styles in the west could lag behind by 25 to 30 year,A male speaker speaks clearly in English with a natural tone and moderate pace in a quiet environment.
/home/jupyter-koustav/fine_tuning/test_1/16685618834972658685.wav,however due to the slow communication channels styles in the west could lag behind by 25 to 30 year,A male speaker speaks clearly in English with a natural tone and moderate pace in a quiet environment.
/home/jupyter-koustav/fine_tuning/test_1/2611687111227264759.wav,casablanca is one of the least interesting places to shop in all of morocco,A female speaker speaks clearly in English with a natural tone and moderate pace in a quiet environment.
/home/jupyter-koustav/fine_tuning/test_1/9113447011736256545.wav,casablanca is one of the least interesting places to shop in all of morocco,A male speaker speaks clearly in English with a natural tone and moderate pace in a quiet environment.
/home/jupyter-koustav/fine_tuning/test_1/8856417737463972790.wav,the service is frequently used by shipping including pleasure craft as well as expeditions who have remote data and voice needs,A female speaker speaks clearly in English with a natural tone and moderate pace in a quiet environment.
/home/jupyter-koustav/fine_tuning/test_1/7301728842091889171.wav,the service is frequently used by shipping including pleasure craft as well as expeditions who have remote data and voice needs,A female speaker speaks clearly in English with a natural tone and moderate pace in a quiet environment.
/home/jupyter-koustav/fine_tuning/test_1/5381110210154713971.wav,he was initially hospitalised in the james paget hospital in great yarmouth,A male speaker speaks clearly in English with a natural tone and moderate pace in a quiet environment.
/home/jupyter-koustav/fine_tuning/test_1/5482406888941085018.wav,he was initially hospitalised in the james paget hospital in great yarmouth,A female speaker speaks clearly in English with a natural tone and moderate pace in a quiet environment.
/home/jupyter-koustav/fine_tuning/test_1/2512265253579641885.wav,they are almost all sandy beaches with safe swimming and most have shade provided by pohutukawa trees,A female speaker speaks clearly in English with a natural tone and moderate pace in a quiet environment.
/home/jupyter-koustav/fine_tuning/test_1/4130846879604713113.wav,they are almost all sandy beaches with safe swimming and most have shade provided by pohutukawa trees,A male speaker speaks clearly in English with a natural tone and moderate pace in a quiet environment.
/home/jupyter-koustav/fine_tuning/test_1/1830239880893513318.wav,aerosmith have cancelled their remaining concerts on their tour,A female speaker speaks clearly in English with a natural tone and moderate pace in a quiet environment.
/home/jupyter-koustav/fine_tuning/test_1/4937589470390171572.wav,aerosmith have cancelled their remaining concerts on their tour,A female speaker speaks clearly in English with a natural tone and moderate pace in a quiet environment.
/home/jupyter-koustav/fine_tuning/test_1/9622275213947999273.wav,the job of navies has traditionally been to ensure that your country maintains the ability to move your people and goods while at the same time interfering with your enemy's ability to move his people and goods,A male speaker speaks clearly in English with a natural tone and moderate pace in a quiet environment.
/home/jupyter-koustav/fine_tuning/test_1/3039867296204116367.wav,the job of navies has traditionally been to ensure that your country maintains the ability to move your people and goods while at the same time interfering with your enemy's ability to move his people and goods,A male speaker speaks clearly in English with a natural tone and moderate pace in a quiet environment.
/home/jupyter-koustav/fine_tuning/test_1/12618421744672029626.wav,beyond wednesday's event carpanedo competed in two individual races at the championships,A female speaker speaks clearly in English with a natural tone and moderate pace in a quiet environment.
/home/jupyter-koustav/fine_tuning/test_1/7490665909832439995.wav,beyond wednesday's event carpanedo competed in two individual races at the championships,A female speaker speaks clearly in English with a natural tone and moderate pace in a quiet environment.
/home/jupyter-koustav/fine_tuning/test_1/3611463628224454693.wav,nothing can be seen other than the clear beautiful sky above and the many surrounding mountains very little of this world can be seen or heard from inside the cave,A female speaker speaks clearly in English with a natural tone and moderate pace in a quiet environment.
/home/jupyter-koustav/fine_tuning/test_1/11670188897888947692.wav,nothing can be seen other than the clear beautiful sky above and the many surrounding mountains very little of this world can be seen or heard from inside the cave,A female speaker speaks clearly in English with a natural tone and moderate pace in a quiet environment.
/home/jupyter-koustav/fine_tuning/test_1/7774130357954037687.wav,thus the pencil was a good friend to many people when it came out,A female speaker speaks clearly in English with a natural tone and moderate pace in a quiet environment.
/home/jupyter-koustav/fine_tuning/test_1/163369145011818208.wav,"goats seem to have been first domesticated roughly 10,000 years ago in the zagros mountains of iran",A female speaker speaks clearly in English with a natural tone and moderate pace in a quiet environment.
/home/jupyter-koustav/fine_tuning/test_1/11147918080606585533.wav,"goats seem to have been first domesticated roughly 10,000 years ago in the zagros mountains of iran",A male speaker speaks clearly in English with a natural tone and moderate pace in a quiet environment.
/home/jupyter-koustav/fine_tuning/test_1/14328961705663130128.wav,california governor arnold schwarzenegger signed into law a bill that bans the sale or rental of violent video games to minors,A female speaker speaks clearly in English with a natural tone and moderate pace in a quiet environment.
/home/jupyter-koustav/fine_tuning/test_1/18192639498290469063.wav,california governor arnold schwarzenegger signed into law a bill that bans the sale or rental of violent video games to minors,A female speaker speaks clearly in English with a natural tone and moderate pace in a quiet environment.
/home/jupyter-koustav/fine_tuning/test_1/14648010410081654131.wav,do not deface the site by marking or scratching graffiti into structures,A female speaker speaks clearly in English with a natural tone and moderate pace in a quiet environment.
/home/jupyter-koustav/fine_tuning/test_1/5922110980503615373.wav,do not deface the site by marking or scratching graffiti into structures,A male speaker speaks clearly in English with a natural tone and moderate pace in a quiet environment.
/home/jupyter-koustav/fine_tuning/test_1/16631812927540811343.wav,the number of people present was so large that it was not possible for everybody to gain access to the funeral in st peter's square,A female speaker speaks clearly in English with a natural tone and moderate pace in a quiet environment.
/home/jupyter-koustav/fine_tuning/test_1/6620311002113327699.wav,the number of people present was so large that it was not possible for everybody to gain access to the funeral in st peter's square,A female speaker speaks clearly in English with a natural tone and moderate pace in a quiet environment.
/home/jupyter-koustav/fine_tuning/test_1/16766787285057438836.wav,barcelona's official languages are catalan and spanish about a half prefer to speak catalan a vast majority understands it and virtually everyone knows spanish,A female speaker speaks clearly in English with a natural tone and moderate pace in a quiet environment.
/home/jupyter-koustav/fine_tuning/test_1/997218759918036906.wav,barcelona's official languages are catalan and spanish about a half prefer to speak catalan a vast majority understands it and virtually everyone knows spanish,A female speaker speaks clearly in English with a natural tone and moderate pace in a quiet environment.
/home/jupyter-koustav/fine_tuning/test_1/7632932253248030737.wav,it is one of the main attractions of south africa and it is considered the flagship of south african national parks sanparks,A male speaker speaks clearly in English with a natural tone and moderate pace in a quiet environment.
/home/jupyter-koustav/fine_tuning/test_1/8613346643514615014.wav,it is one of the main attractions of south africa and it is considered the flagship of south african national parks sanparks,A male speaker speaks clearly in English with a natural tone and moderate pace in a quiet environment.
/home/jupyter-koustav/fine_tuning/test_1/8065205721681723081.wav,one bomb exploded outside the governor general's office,A female speaker speaks clearly in English with a natural tone and moderate pace in a quiet environment.
/home/jupyter-koustav/fine_tuning/test_1/13345242347208844836.wav,one bomb exploded outside the governor general's office,A male speaker speaks clearly in English with a natural tone and moderate pace in a quiet environment.
/home/jupyter-koustav/fine_tuning/test_1/3337787499768294195.wav,be careful not to allow fabric to become too hot which can cause shrinkage or in extreme cases scorch,A male speaker speaks clearly in English with a natural tone and moderate pace in a quiet environment.
/home/jupyter-koustav/fine_tuning/test_1/546231163869746473.wav,be careful not to allow fabric to become too hot which can cause shrinkage or in extreme cases scorch,A male speaker speaks clearly in English with a natural tone and moderate pace in a quiet environment.
/home/jupyter-koustav/fine_tuning/test_1/14278251866048014426.wav,using ships to transport goods is by far the most efficient way to move large amounts of people and goods across oceans,A female speaker speaks clearly in English with a natural tone and moderate pace in a quiet environment.
/home/jupyter-koustav/fine_tuning/test_1/9804762782045252114.wav,the crust is about 70 km thick on the near side and 100 km thick on the far side,A female speaker speaks clearly in English with a natural tone and moderate pace in a quiet environment.
/home/jupyter-koustav/fine_tuning/test_1/7233685891059653046.wav,the schengen zone however works somewhat like one country in this respect,A female speaker speaks clearly in English with a natural tone and moderate pace in a quiet environment.
/home/jupyter-koustav/fine_tuning/test_1/17289442889985927678.wav,the schengen zone however works somewhat like one country in this respect,A male speaker speaks clearly in English with a natural tone and moderate pace in a quiet environment.
/home/jupyter-koustav/fine_tuning/test_1/11318597463051480163.wav,mrs kirchner announced her intention to run for president at the argentine theatre the same location she used to start her 2005 campaign for the senate as member of the buenos aires province delegation,A male speaker speaks clearly in English with a natural tone and moderate pace in a quiet environment.
/home/jupyter-koustav/fine_tuning/test_1/2866079421585301198.wav,blogs can also help improve student writing while students often begin their blog experience with sloppy grammar and spelling the presence of an audience generally changes that,A male speaker speaks clearly in English with a natural tone and moderate pace in a quiet environment.
/home/jupyter-koustav/fine_tuning/test_1/10938576782105608041.wav,blogs can also help improve student writing while students often begin their blog experience with sloppy grammar and spelling the presence of an audience generally changes that,A female speaker speaks clearly in English with a natural tone and moderate pace in a quiet environment.
/home/jupyter-koustav/fine_tuning/test_1/6923678949967639873.wav,the word civilization comes from the latin civilis meaning civil related to the latin civis meaning citizen and civitas meaning city or city-state and that also somehow defines the size of the society,A male speaker speaks clearly in English with a natural tone and moderate pace in a quiet environment.
/home/jupyter-koustav/fine_tuning/test_1/2749300928979585932.wav,the word civilization comes from the latin civilis meaning civil related to the latin civis meaning citizen and civitas meaning city or city-state and that also somehow defines the size of the society,A male speaker speaks clearly in English with a natural tone and moderate pace in a quiet environment.
/home/jupyter-koustav/fine_tuning/test_1/16327101627424867030.wav,the pyramid sound and light show is one of the most interesting things in the area for kids,A male speaker speaks clearly in English with a natural tone and moderate pace in a quiet environment.
/home/jupyter-koustav/fine_tuning/test_1/10903101168349732260.wav,the pyramid sound and light show is one of the most interesting things in the area for kids,A male speaker speaks clearly in English with a natural tone and moderate pace in a quiet environment.
/home/jupyter-koustav/fine_tuning/test_1/9924305423057523453.wav,while no one knows for certain who wrote it it is known that early in its life the large parchment document it measures 29¾ inches by 24½ inches was rolled up for storage,A male speaker speaks clearly in English with a natural tone and moderate pace in a quiet environment.
/home/jupyter-koustav/fine_tuning/test_1/4439398069046383836.wav,lakkha singh presented the chhappan bhog bhajan as well singer raju khandelwal was accompanying him,A male speaker speaks clearly in English with a natural tone and moderate pace in a quiet environment.
/home/jupyter-koustav/fine_tuning/test_1/4060670580459188209.wav,ms is a disease that affects the central nervous system which is made up of the brain the spinal cord and the optic nerve,A male speaker speaks clearly in English with a natural tone and moderate pace in a quiet environment.
/home/jupyter-koustav/fine_tuning/test_1/12239464249642485259.wav,ms is a disease that affects the central nervous system which is made up of the brain the spinal cord and the optic nerve,A female speaker speaks clearly in English with a natural tone and moderate pace in a quiet environment.
/home/jupyter-koustav/fine_tuning/test_1/7378068468742958430.wav,there may be more maria on the near side because the crust is thinner it was easier for lava to rise up to the surface,A male speaker speaks clearly in English with a natural tone and moderate pace in a quiet environment.
/home/jupyter-koustav/fine_tuning/test_1/4807942348083346744.wav,there may be more maria on the near side because the crust is thinner it was easier for lava to rise up to the surface,A male speaker speaks clearly in English with a natural tone and moderate pace in a quiet environment.
/home/jupyter-koustav/fine_tuning/test_1/17858903836434412568.wav,more traditional churches often hold an easter vigil on saturday night during the easter weekend with the congregations often breaking into celebration at the stroke of midnight to celebrate christ's resurrection,A female speaker speaks clearly in English with a natural tone and moderate pace in a quiet environment.
/home/jupyter-koustav/fine_tuning/test_1/14693330690944350091.wav,between 10:00-11:00 pm mdt a fire was started by the inmates in the yard,A female speaker speaks clearly in English with a natural tone and moderate pace in a quiet environment.
/home/jupyter-koustav/fine_tuning/test_1/5164710956485163027.wav,between 10:00-11:00 pm mdt a fire was started by the inmates in the yard,A male speaker speaks clearly in English with a natural tone and moderate pace in a quiet environment.
/home/jupyter-koustav/fine_tuning/test_1/8826719964171179660.wav,fellow wrestlers also paid tribute to luna,A female speaker speaks clearly in English with a natural tone and moderate pace in a quiet environment.
/home/jupyter-koustav/fine_tuning/test_1/8055381310140725360.wav,fellow wrestlers also paid tribute to luna,A female speaker speaks clearly in English with a natural tone and moderate pace in a quiet environment.
/home/jupyter-koustav/fine_tuning/test_1/1038214857203833067.wav,through the night between 150 and 200 copies were made now known as dunlap broadsides,A female speaker speaks clearly in English with a natural tone and moderate pace in a quiet environment.
/home/jupyter-koustav/fine_tuning/test_1/15695900311829620190.wav,through the night between 150 and 200 copies were made now known as dunlap broadsides,A female speaker speaks clearly in English with a natural tone and moderate pace in a quiet environment.
/home/jupyter-koustav/fine_tuning/test_1/11426556553252626005.wav,the harbor was the site of an infamous naval standoff in 1889 when seven ships from germany the us and britain refused to leave the harbor,A male speaker speaks clearly in English with a natural tone and moderate pace in a quiet environment.
/home/jupyter-koustav/fine_tuning/test_1/12921155570472263117.wav,while goma is reasonably safe any visits outside of goma should be researched to understand the state of the fighting that persists in the north kivu province,A female speaker speaks clearly in English with a natural tone and moderate pace in a quiet environment.
/home/jupyter-koustav/fine_tuning/test_1/7733319748371867842.wav,while goma is reasonably safe any visits outside of goma should be researched to understand the state of the fighting that persists in the north kivu province,A female speaker speaks clearly in English with a natural tone and moderate pace in a quiet environment.
/home/jupyter-koustav/fine_tuning/test_1/16721823661104667622.wav,rip currents are the returning flow from waves breaking off the beach often at a reef or similar,A female speaker speaks clearly in English with a natural tone and moderate pace in a quiet environment.
/home/jupyter-koustav/fine_tuning/test_1/8742060069420489184.wav,rip currents are the returning flow from waves breaking off the beach often at a reef or similar,A female speaker speaks clearly in English with a natural tone and moderate pace in a quiet environment.
/home/jupyter-koustav/fine_tuning/test_1/6873447881355850328.wav,the surface of the moon is made of rocks and dust the outer layer of the moon is called the crust,A female speaker speaks clearly in English with a natural tone and moderate pace in a quiet environment.
/home/jupyter-koustav/fine_tuning/test_1/851494165324091609.wav,the surface of the moon is made of rocks and dust the outer layer of the moon is called the crust,A female speaker speaks clearly in English with a natural tone and moderate pace in a quiet environment.
/home/jupyter-koustav/fine_tuning/test_1/5966925948005244453.wav,the photographers later took the place of an aged lady as she needed the lavatory mendoza was gunned down,A female speaker speaks clearly in English with a natural tone and moderate pace in a quiet environment.
/home/jupyter-koustav/fine_tuning/test_1/14836289886440749215.wav,the photographers later took the place of an aged lady as she needed the lavatory mendoza was gunned down,A male speaker speaks clearly in English with a natural tone and moderate pace in a quiet environment.
/home/jupyter-koustav/fine_tuning/test_1/18348048016606756393.wav,the debate was sparked by controversy over spending on relief and reconstruction in the wake hurricane katrina which some fiscal conservatives have humorously labeled bush's new orleans deal,A female speaker speaks clearly in English with a natural tone and moderate pace in a quiet environment.
/home/jupyter-koustav/fine_tuning/test_1/3986128848664857815.wav,if you only go ashore using shipboard excursions you will not need a separate visa as of 2009,A male speaker speaks clearly in English with a natural tone and moderate pace in a quiet environment.
/home/jupyter-koustav/fine_tuning/test_1/17029455052229515619.wav,if you only go ashore using shipboard excursions you will not need a separate visa as of 2009,A male speaker speaks clearly in English with a natural tone and moderate pace in a quiet environment.
/home/jupyter-koustav/fine_tuning/test_1/9989642899702468851.wav,lions are the most social cats living in large groups called prides,A female speaker speaks clearly in English with a natural tone and moderate pace in a quiet environment.
/home/jupyter-koustav/fine_tuning/test_1/6351367445025505944.wav,lions are the most social cats living in large groups called prides,A male speaker speaks clearly in English with a natural tone and moderate pace in a quiet environment.
/home/jupyter-koustav/fine_tuning/test_1/384435163157965470.wav,while he was working at the hospital liggins began to investigate premature labor during his spare time,A female speaker speaks clearly in English with a natural tone and moderate pace in a quiet environment.
/home/jupyter-koustav/fine_tuning/test_1/1774013444539766052.wav,its renown for being an epicenter of luxury began in about 400 a.d. and lasted up until about 1100 a.d,A male speaker speaks clearly in English with a natural tone and moderate pace in a quiet environment.
/home/jupyter-koustav/fine_tuning/test_1/7213249863906599090.wav,its renown for being an epicenter of luxury began in about 400 a.d. and lasted up until about 1100 a.d,A male speaker speaks clearly in English with a natural tone and moderate pace in a quiet environment.
/home/jupyter-koustav/fine_tuning/test_1/3364947814969998944.wav,the document according to the leak will refer to the borders dispute which palestine wants based on the borders before the 1967 mideast war,A female speaker speaks clearly in English with a natural tone and moderate pace in a quiet environment.
/home/jupyter-koustav/fine_tuning/test_1/6057938296244834632.wav,the document according to the leak will refer to the borders dispute which palestine wants based on the borders before the 1967 mideast war,A female speaker speaks clearly in English with a natural tone and moderate pace in a quiet environment.
/home/jupyter-koustav/fine_tuning/test_1/7912552494860461835.wav,the term safari in popular use refers to overland travel to view the stunning african wildlife particularly on savanna,A male speaker speaks clearly in English with a natural tone and moderate pace in a quiet environment.
/home/jupyter-koustav/fine_tuning/test_1/1046653381869710616.wav,the term safari in popular use refers to overland travel to view the stunning african wildlife particularly on savanna,A female speaker speaks clearly in English with a natural tone and moderate pace in a quiet environment.
/home/jupyter-koustav/fine_tuning/test_1/899317378039624755.wav,first among its 78 recommendations is that a new diplomatic initiative should be taken before the end of this year to secure iraq's borders against hostile interventions and to re-establish diplomatic relations with its neighbors,A male speaker speaks clearly in English with a natural tone and moderate pace in a quiet environment.
/home/jupyter-koustav/fine_tuning/test_1/9485750708964169814.wav,first among its 78 recommendations is that a new diplomatic initiative should be taken before the end of this year to secure iraq's borders against hostile interventions and to re-establish diplomatic relations with its neighbors,A female speaker speaks clearly in English with a natural tone and moderate pace in a quiet environment.
/home/jupyter-koustav/fine_tuning/test_1/14115239728007650784.wav,on the other hand icy and snowy conditions are normal in many countries and traffic goes on mostly uninterrupted all year round,A female speaker speaks clearly in English with a natural tone and moderate pace in a quiet environment.
/home/jupyter-koustav/fine_tuning/test_1/68300966899801601.wav,on the other hand icy and snowy conditions are normal in many countries and traffic goes on mostly uninterrupted all year round,A female speaker speaks clearly in English with a natural tone and moderate pace in a quiet environment.
/home/jupyter-koustav/fine_tuning/test_1/10235738076911595987.wav,the hospital has followed protocol for infection control including separating the patient from others to prevent possible infection of others,A male speaker speaks clearly in English with a natural tone and moderate pace in a quiet environment.
/home/jupyter-koustav/fine_tuning/test_1/17392214165625498386.wav,the hospital has followed protocol for infection control including separating the patient from others to prevent possible infection of others,A male speaker speaks clearly in English with a natural tone and moderate pace in a quiet environment.
/home/jupyter-koustav/fine_tuning/test_1/10411016628242228511.wav,the city is also the base to climb the nyiragongo volcano along with some of the cheapest mountain gorilla tracking in africa,A female speaker speaks clearly in English with a natural tone and moderate pace in a quiet environment.
/home/jupyter-koustav/fine_tuning/test_1/14643126700888487830.wav,the city is also the base to climb the nyiragongo volcano along with some of the cheapest mountain gorilla tracking in africa,A female speaker speaks clearly in English with a natural tone and moderate pace in a quiet environment.
/home/jupyter-koustav/fine_tuning/test_1/1724953769276277810.wav,these are sometimes-crowded family beaches with a good range of shops lining the shore swimming is safe,A female speaker speaks clearly in English with a natural tone and moderate pace in a quiet environment.
/home/jupyter-koustav/fine_tuning/test_1/2074231104398719826.wav,these are sometimes-crowded family beaches with a good range of shops lining the shore swimming is safe,A male speaker speaks clearly in English with a natural tone and moderate pace in a quiet environment.
/home/jupyter-koustav/fine_tuning/test_1/13332753177678720249.wav,since the foundation of asunción in 1537 paraguay has managed to keep a lot of its indigenous character and identity,A female speaker speaks clearly in English with a natural tone and moderate pace in a quiet environment.
/home/jupyter-koustav/fine_tuning/test_1/3401231636665586110.wav,since the foundation of asunción in 1537 paraguay has managed to keep a lot of its indigenous character and identity,A female speaker speaks clearly in English with a natural tone and moderate pace in a quiet environment.
/home/jupyter-koustav/fine_tuning/test_1/7783164194712761839.wav,a civilization is a singular culture shared by a significant large group of people who live and work co-operatively a society,A female speaker speaks clearly in English with a natural tone and moderate pace in a quiet environment.
/home/jupyter-koustav/fine_tuning/test_1/1146643745158029931.wav,a civilization is a singular culture shared by a significant large group of people who live and work co-operatively a society,A female speaker speaks clearly in English with a natural tone and moderate pace in a quiet environment.
/home/jupyter-koustav/fine_tuning/test_1/16249020005264010985.wav,there is no universal definition for which manufactured items are antiques some tax agencies define goods older than 100 years as antiques,A male speaker speaks clearly in English with a natural tone and moderate pace in a quiet environment.
/home/jupyter-koustav/fine_tuning/test_1/4507570726474155114.wav,there is no universal definition for which manufactured items are antiques some tax agencies define goods older than 100 years as antiques,A female speaker speaks clearly in English with a natural tone and moderate pace in a quiet environment.
/home/jupyter-koustav/fine_tuning/test_1/13824971935266428986.wav,the same month saw another airliner overrun a runway at mashhad and strike a wall killing seventeen,A female speaker speaks clearly in English with a natural tone and moderate pace in a quiet environment.
/home/jupyter-koustav/fine_tuning/test_1/12570605547501325774.wav,the same month saw another airliner overrun a runway at mashhad and strike a wall killing seventeen,A female speaker speaks clearly in English with a natural tone and moderate pace in a quiet environment.
/home/jupyter-koustav/fine_tuning/test_1/14572481585322233862.wav,greenland was settled sparsely in the norse sagas they say that erik the red was exiled from iceland for murder and when travelling further west found greenland and named it greenland,A male speaker speaks clearly in English with a natural tone and moderate pace in a quiet environment.
/home/jupyter-koustav/fine_tuning/test_1/3100569628927735189.wav,greenland was settled sparsely in the norse sagas they say that erik the red was exiled from iceland for murder and when travelling further west found greenland and named it greenland,A female speaker speaks clearly in English with a natural tone and moderate pace in a quiet environment.
/home/jupyter-koustav/fine_tuning/test_1/7975383736177414509.wav,in 1990 it was added to the list of world heritage sites in danger due to the threat of desert sands,A female speaker speaks clearly in English with a natural tone and moderate pace in a quiet environment.
/home/jupyter-koustav/fine_tuning/test_1/13245569655363672734.wav,in 1990 it was added to the list of world heritage sites in danger due to the threat of desert sands,A female speaker speaks clearly in English with a natural tone and moderate pace in a quiet environment.
/home/jupyter-koustav/fine_tuning/test_1/7497575538636120175.wav,along the same line men are required to wear trousers covering the knees,A female speaker speaks clearly in English with a natural tone and moderate pace in a quiet environment.
/home/jupyter-koustav/fine_tuning/test_1/9781076737390802637.wav,along the same line men are required to wear trousers covering the knees,A male speaker speaks clearly in English with a natural tone and moderate pace in a quiet environment.
/home/jupyter-koustav/fine_tuning/test_1/8310039609116176436.wav,traffic flow is the study of the movement of individual drivers and vehicles between two points and the interactions they make with one another,A female speaker speaks clearly in English with a natural tone and moderate pace in a quiet environment.
/home/jupyter-koustav/fine_tuning/test_1/14210445503617137582.wav,traffic flow is the study of the movement of individual drivers and vehicles between two points and the interactions they make with one another,A female speaker speaks clearly in English with a natural tone and moderate pace in a quiet environment.
/home/jupyter-koustav/fine_tuning/test_1/5196260640941390313.wav,but being placed in the high tropics just a few degrees north of equator you will need to deal with both heat always and strong sun when the sky is clear more rarely,A female speaker speaks clearly in English with a natural tone and moderate pace in a quiet environment.
/home/jupyter-koustav/fine_tuning/test_1/6774385073956642067.wav,but being placed in the high tropics just a few degrees north of equator you will need to deal with both heat always and strong sun when the sky is clear more rarely,A female speaker speaks clearly in English with a natural tone and moderate pace in a quiet environment.
/home/jupyter-koustav/fine_tuning/test_1/13297690853135603331.wav,large areas further north are quite sparsely populated and some is nearly uninhabited wilderness,A female speaker speaks clearly in English with a natural tone and moderate pace in a quiet environment.
/home/jupyter-koustav/fine_tuning/test_1/13153302236168048197.wav,large areas further north are quite sparsely populated and some is nearly uninhabited wilderness,A female speaker speaks clearly in English with a natural tone and moderate pace in a quiet environment.
/home/jupyter-koustav/fine_tuning/test_1/11665346626937246597.wav,television reports show white smoke coming from the plant,A female speaker speaks clearly in English with a natural tone and moderate pace in a quiet environment.
/home/jupyter-koustav/fine_tuning/test_1/14337122471415370884.wav,television reports show white smoke coming from the plant,A female speaker speaks clearly in English with a natural tone and moderate pace in a quiet environment.
/home/jupyter-koustav/fine_tuning/test_1/12906384443438076827.wav,in a carriage they traveled back to paris surrounded by a mob of people screaming and shouting threats against the king and queen,A male speaker speaks clearly in English with a natural tone and moderate pace in a quiet environment.
/home/jupyter-koustav/fine_tuning/test_1/2784225427893440291.wav,in a carriage they traveled back to paris surrounded by a mob of people screaming and shouting threats against the king and queen,A male speaker speaks clearly in English with a natural tone and moderate pace in a quiet environment.
/home/jupyter-koustav/fine_tuning/test_1/1045619486290403122.wav,for example the most common still image photography format in the world is 35mm which was the dominant film size at the close of the analog film era,A female speaker speaks clearly in English with a natural tone and moderate pace in a quiet environment.
/home/jupyter-koustav/fine_tuning/test_1/18249328980235371168.wav,for example the most common still image photography format in the world is 35mm which was the dominant film size at the close of the analog film era,A male speaker speaks clearly in English with a natural tone and moderate pace in a quiet environment.
/home/jupyter-koustav/fine_tuning/test_1/10731896540541531669.wav,his work is of such recognized quality and detail that he is one of the very few household names among philatelists some specialize in collecting his work alone,A male speaker speaks clearly in English with a natural tone and moderate pace in a quiet environment.
/home/jupyter-koustav/fine_tuning/test_1/8158297484454595266.wav,his work is of such recognized quality and detail that he is one of the very few household names among philatelists some specialize in collecting his work alone,A male speaker speaks clearly in English with a natural tone and moderate pace in a quiet environment.
/home/jupyter-koustav/fine_tuning/test_1/15738179776336088720.wav,crossties were introduced fairly early to hold the tracks in place gradually however it was realised that tracks would be more efficient if they had a stip of iron on the top,A female speaker speaks clearly in English with a natural tone and moderate pace in a quiet environment.
/home/jupyter-koustav/fine_tuning/test_1/17158526797037461547.wav,the 25 dunlap broadsides still known to exist are the oldest surviving copies of the document the original handwritten copy has not survived,A female speaker speaks clearly in English with a natural tone and moderate pace in a quiet environment.
/home/jupyter-koustav/fine_tuning/test_1/3745044899208519847.wav,the 25 dunlap broadsides still known to exist are the oldest surviving copies of the document the original handwritten copy has not survived,A male speaker speaks clearly in English with a natural tone and moderate pace in a quiet environment.
/home/jupyter-koustav/fine_tuning/test_1/1701461929359257439.wav,the tenth named storm of the atlantic hurricane season subtropical storm jerry formed in the atlantic ocean today,A male speaker speaks clearly in English with a natural tone and moderate pace in a quiet environment.
/home/jupyter-koustav/fine_tuning/test_1/17993676999513479371.wav,the tenth named storm of the atlantic hurricane season subtropical storm jerry formed in the atlantic ocean today,A male speaker speaks clearly in English with a natural tone and moderate pace in a quiet environment.
/home/jupyter-koustav/fine_tuning/test_1/517532078886085321.wav,appropriate use of blogs can empower students to become more analytical and critical; through actively responding to internet materials students can define their positions in the context of others' writings as well as outline their own perspectives on particular issues oravec 2002,A female speaker speaks clearly in English with a natural tone and moderate pace in a quiet environment.
/home/jupyter-koustav/fine_tuning/test_1/17991438134494400884.wav,appropriate use of blogs can empower students to become more analytical and critical; through actively responding to internet materials students can define their positions in the context of others' writings as well as outline their own perspectives on particular issues oravec 2002,A male speaker speaks clearly in English with a natural tone and moderate pace in a quiet environment.
/home/jupyter-koustav/fine_tuning/test_1/17476880836582943567.wav,be firm in turning down men and don't be afraid to stand your ground cultural differences or not it doesn't make it ok!,A male speaker speaks clearly in English with a natural tone and moderate pace in a quiet environment.
/home/jupyter-koustav/fine_tuning/test_1/3926276660303924456.wav,be firm in turning down men and don't be afraid to stand your ground cultural differences or not it doesn't make it ok!,A male speaker speaks clearly in English with a natural tone and moderate pace in a quiet environment.
/home/jupyter-koustav/fine_tuning/test_1/3195362600486929544.wav,the center of tibetan meditation is the deity yoga through the visualization of various deities the energy channels are cleaned the chakras are activated and the enlightenment consciousness is created,A male speaker speaks clearly in English with a natural tone and moderate pace in a quiet environment.
/home/jupyter-koustav/fine_tuning/test_1/6933250279887426793.wav,the center of tibetan meditation is the deity yoga through the visualization of various deities the energy channels are cleaned the chakras are activated and the enlightenment consciousness is created,A female speaker speaks clearly in English with a natural tone and moderate pace in a quiet environment.
/home/jupyter-koustav/fine_tuning/test_1/4168260504174612795.wav,in many other cities of italy and in the rest of the world particularly in poland similar setups were made which were viewed by a great number of people,A male speaker speaks clearly in English with a natural tone and moderate pace in a quiet environment.
/home/jupyter-koustav/fine_tuning/test_1/3709475786289139797.wav,in many other cities of italy and in the rest of the world particularly in poland similar setups were made which were viewed by a great number of people,A female speaker speaks clearly in English with a natural tone and moderate pace in a quiet environment.
/home/jupyter-koustav/fine_tuning/test_1/9999528530847666097.wav,if you want to be close to the action you're going to have to get in early to get a camping site close to the music,A female speaker speaks clearly in English with a natural tone and moderate pace in a quiet environment.
/home/jupyter-koustav/fine_tuning/test_1/12782801286775256949.wav,if you want to be close to the action you're going to have to get in early to get a camping site close to the music,A male speaker speaks clearly in English with a natural tone and moderate pace in a quiet environment.
/home/jupyter-koustav/fine_tuning/test_1/5198402243598272340.wav,it may also be beneficial for one to buy a wild card which provides entry to either selections of parks in south africa or all of the south african national parks,A female speaker speaks clearly in English with a natural tone and moderate pace in a quiet environment.
/home/jupyter-koustav/fine_tuning/test_1/12519810849995407480.wav,it may also be beneficial for one to buy a wild card which provides entry to either selections of parks in south africa or all of the south african national parks,A female speaker speaks clearly in English with a natural tone and moderate pace in a quiet environment.
/home/jupyter-koustav/fine_tuning/test_1/4027984920362132391.wav,the sundarbans has been declared a unesco world heritage site the part of the forest within indian territory is called sundarbans national park,A female speaker speaks clearly in English with a natural tone and moderate pace in a quiet environment.
/home/jupyter-koustav/fine_tuning/test_1/17695442797451759106.wav,the most readily accessible plant resources would have been the proteins accessible in leaves and legumes but these are hard for primates like us to digest unless they are cooked,A female speaker speaks clearly in English with a natural tone and moderate pace in a quiet environment.
/home/jupyter-koustav/fine_tuning/test_1/17120997777600226051.wav,the most readily accessible plant resources would have been the proteins accessible in leaves and legumes but these are hard for primates like us to digest unless they are cooked,A male speaker speaks clearly in English with a natural tone and moderate pace in a quiet environment.
/home/jupyter-koustav/fine_tuning/test_1/6203495122297129260.wav,this sediment was necessary for creating sandbars and beaches which served as wildlife habitats,A female speaker speaks clearly in English with a natural tone and moderate pace in a quiet environment.
/home/jupyter-koustav/fine_tuning/test_1/16528325964292062857.wav,this sediment was necessary for creating sandbars and beaches which served as wildlife habitats,A male speaker speaks clearly in English with a natural tone and moderate pace in a quiet environment.
/home/jupyter-koustav/fine_tuning/test_1/14868402834603110105.wav,soon after the outbreak of hostilities britain initiated a naval blockade of germany,A female speaker speaks clearly in English with a natural tone and moderate pace in a quiet environment.
/home/jupyter-koustav/fine_tuning/test_1/16757205419144758552.wav,soon after the outbreak of hostilities britain initiated a naval blockade of germany,A male speaker speaks clearly in English with a natural tone and moderate pace in a quiet environment.
/home/jupyter-koustav/fine_tuning/test_1/11766033532714442721.wav,"since 1966 the sundarbans have been a wildlife sanctuary and it is estimated that there are now 400 royal bengal tigers and about 30,000 spotted deer in the area",A male speaker speaks clearly in English with a natural tone and moderate pace in a quiet environment.
/home/jupyter-koustav/fine_tuning/test_1/4911753908854223816.wav,"since 1966 the sundarbans have been a wildlife sanctuary and it is estimated that there are now 400 royal bengal tigers and about 30,000 spotted deer in the area",A male speaker speaks clearly in English with a natural tone and moderate pace in a quiet environment.
/home/jupyter-koustav/fine_tuning/test_1/3491234462595391279.wav,we don't know for sure but it may have had a forked tongue its diet included turtles large fish other mosasaurs and it may even have been a cannibal,A female speaker speaks clearly in English with a natural tone and moderate pace in a quiet environment.
/home/jupyter-koustav/fine_tuning/test_1/1394697283561012104.wav,we don't know for sure but it may have had a forked tongue its diet included turtles large fish other mosasaurs and it may even have been a cannibal,A male speaker speaks clearly in English with a natural tone and moderate pace in a quiet environment.
/home/jupyter-koustav/fine_tuning/test_1/1261572251451962704.wav,six hostages including the children and elderly were released early as were the filipino photographers,A male speaker speaks clearly in English with a natural tone and moderate pace in a quiet environment.
/home/jupyter-koustav/fine_tuning/test_1/15842229443202938478.wav,a simple popular dinner especially during the summer is the pa amb oli bread with olive oil tomato and any available condiments such as cheese tunafish etc,A female speaker speaks clearly in English with a natural tone and moderate pace in a quiet environment.
/home/jupyter-koustav/fine_tuning/test_1/14077379425479054842.wav,a simple popular dinner especially during the summer is the pa amb oli bread with olive oil tomato and any available condiments such as cheese tunafish etc,A female speaker speaks clearly in English with a natural tone and moderate pace in a quiet environment.
/home/jupyter-koustav/fine_tuning/test_1/1970151869993494628.wav,the 802.11n standard operates on both the 2.4ghz and 5.0ghz frequencies,A female speaker speaks clearly in English with a natural tone and moderate pace in a quiet environment.
/home/jupyter-koustav/fine_tuning/test_1/11596505942268625598.wav,throughout 1960s brzezinski worked for john f kennedy as his advisor and then the lyndon b johnson administration,A female speaker speaks clearly in English with a natural tone and moderate pace in a quiet environment.
/home/jupyter-koustav/fine_tuning/test_1/1036771894648013441.wav,as light pollution in their heyday was not the kind of problem it is today they are usually located in cities or at campuses easier to reach than those built in modern times,A female speaker speaks clearly in English with a natural tone and moderate pace in a quiet environment.
/home/jupyter-koustav/fine_tuning/test_1/3560085468216752165.wav,as light pollution in their heyday was not the kind of problem it is today they are usually located in cities or at campuses easier to reach than those built in modern times,A female speaker speaks clearly in English with a natural tone and moderate pace in a quiet environment.
/home/jupyter-koustav/fine_tuning/test_1/15510957858467012907.wav,most of the smaller islands are independent nations or associated with france and known as luxury beach resorts,A male speaker speaks clearly in English with a natural tone and moderate pace in a quiet environment.
/home/jupyter-koustav/fine_tuning/test_1/14472713183013529731.wav,most modern research telescopes are enormous facilities in remote areas with favorable atmospheric conditions,A female speaker speaks clearly in English with a natural tone and moderate pace in a quiet environment.
/home/jupyter-koustav/fine_tuning/test_1/11525263464519603482.wav,most modern research telescopes are enormous facilities in remote areas with favorable atmospheric conditions,A female speaker speaks clearly in English with a natural tone and moderate pace in a quiet environment.
/home/jupyter-koustav/fine_tuning/test_1/18089255921943570546.wav,the scenes are displayed on the pyramids and the different pyramids are lit up,A male speaker speaks clearly in English with a natural tone and moderate pace in a quiet environment.
/home/jupyter-koustav/fine_tuning/test_1/11827077161070295147.wav,the scenes are displayed on the pyramids and the different pyramids are lit up,A female speaker speaks clearly in English with a natural tone and moderate pace in a quiet environment.
/home/jupyter-koustav/fine_tuning/test_1/4332544138278608734.wav,this is an important way to distinguish between some verbs and objects,A male speaker speaks clearly in English with a natural tone and moderate pace in a quiet environment.
/home/jupyter-koustav/fine_tuning/test_1/10969774925516121312.wav,this is an important way to distinguish between some verbs and objects,A female speaker speaks clearly in English with a natural tone and moderate pace in a quiet environment.
/home/jupyter-koustav/fine_tuning/test_1/14982964006464846866.wav,as a result the performers smoke cannabis joints on stage and the theatre itself is encouraging the audience to join in,A male speaker speaks clearly in English with a natural tone and moderate pace in a quiet environment.
/home/jupyter-koustav/fine_tuning/test_1/6243143230365031162.wav,as a result the performers smoke cannabis joints on stage and the theatre itself is encouraging the audience to join in,A female speaker speaks clearly in English with a natural tone and moderate pace in a quiet environment.
/home/jupyter-koustav/fine_tuning/test_1/10550734868852131138.wav,on 15 august 1940 the allies invaded southern france the invasion was called operation dragoon,A male speaker speaks clearly in English with a natural tone and moderate pace in a quiet environment.
/home/jupyter-koustav/fine_tuning/test_1/4690800207484418897.wav,the vertical clearance under the bridge is 15 meters construction was completed in august 2011 it didn't open to traffic until march 2017,A female speaker speaks clearly in English with a natural tone and moderate pace in a quiet environment.
/home/jupyter-koustav/fine_tuning/test_1/9864990645729015969.wav,the vertical clearance under the bridge is 15 meters construction was completed in august 2011 it didn't open to traffic until march 2017,A female speaker speaks clearly in English with a natural tone and moderate pace in a quiet environment.
/home/jupyter-koustav/fine_tuning/test_1/11974497390699501411.wav,the find also grants insight into the evolution of feathers in birds,A female speaker speaks clearly in English with a natural tone and moderate pace in a quiet environment.
/home/jupyter-koustav/fine_tuning/test_1/12596201646041937807.wav,the find also grants insight into the evolution of feathers in birds,A female speaker speaks clearly in English with a natural tone and moderate pace in a quiet environment.
/home/jupyter-koustav/fine_tuning/test_1/978391636333640472.wav,towards the end of the middle ages western europe began to develop their own style one of the biggest developments of the time as a result of the crusades people began to use buttons to fasten clothing,A male speaker speaks clearly in English with a natural tone and moderate pace in a quiet environment.
/home/jupyter-koustav/fine_tuning/test_1/3795099655869307739.wav,towards the end of the middle ages western europe began to develop their own style one of the biggest developments of the time as a result of the crusades people began to use buttons to fasten clothing,A male speaker speaks clearly in English with a natural tone and moderate pace in a quiet environment.
/home/jupyter-koustav/fine_tuning/test_1/1447510838326873839.wav,also between each dynasty was an unstable age of divided provinces the best-known of these periods was the three kingdoms epoch taking place for 60 years between the han and the jin dynasty,A female speaker speaks clearly in English with a natural tone and moderate pace in a quiet environment.
/home/jupyter-koustav/fine_tuning/test_1/7963255664903240942.wav,also between each dynasty was an unstable age of divided provinces the best-known of these periods was the three kingdoms epoch taking place for 60 years between the han and the jin dynasty,A female speaker speaks clearly in English with a natural tone and moderate pace in a quiet environment.
/home/jupyter-koustav/fine_tuning/test_1/5866078581108668966.wav,so it is likely that the notation was added simply as a label,A male speaker speaks clearly in English with a natural tone and moderate pace in a quiet environment.
/home/jupyter-koustav/fine_tuning/test_1/14704091860070528032.wav,so it is likely that the notation was added simply as a label,A male speaker speaks clearly in English with a natural tone and moderate pace in a quiet environment.
/home/jupyter-koustav/fine_tuning/test_1/17551750048021783839.wav,a full 20% of the water that pours out of the planet's rivers into the oceans comes from the amazon,A male speaker speaks clearly in English with a natural tone and moderate pace in a quiet environment.
/home/jupyter-koustav/fine_tuning/test_1/7886295100481437768.wav,a full 20% of the water that pours out of the planet's rivers into the oceans comes from the amazon,A male speaker speaks clearly in English with a natural tone and moderate pace in a quiet environment.
/home/jupyter-koustav/fine_tuning/test_1/3083929122891715513.wav,ottawa is canada's charming bilingual capital and features an array of art galleries and museums that showcase canada's past and present,A female speaker speaks clearly in English with a natural tone and moderate pace in a quiet environment.
/home/jupyter-koustav/fine_tuning/test_1/2619313403364116566.wav,ottawa is canada's charming bilingual capital and features an array of art galleries and museums that showcase canada's past and present,A female speaker speaks clearly in English with a natural tone and moderate pace in a quiet environment.
/home/jupyter-koustav/fine_tuning/test_1/2462607144574975891.wav,severe weather is the generic term for any dangerous weather phenomenon with the potential to cause damage serious social disruption or loss of human life,A male speaker speaks clearly in English with a natural tone and moderate pace in a quiet environment.
/home/jupyter-koustav/fine_tuning/test_1/14291047344508554279.wav,severe weather is the generic term for any dangerous weather phenomenon with the potential to cause damage serious social disruption or loss of human life,A female speaker speaks clearly in English with a natural tone and moderate pace in a quiet environment.
/home/jupyter-koustav/fine_tuning/test_1/14328568808003469713.wav,europe is a continent that is relatively small but with many independent countries under normal circumstances travelling through multiple countries would mean having to go through visa applications and passport control multiple times,A male speaker speaks clearly in English with a natural tone and moderate pace in a quiet environment.
/home/jupyter-koustav/fine_tuning/test_1/2888426082139840822.wav,europe is a continent that is relatively small but with many independent countries under normal circumstances travelling through multiple countries would mean having to go through visa applications and passport control multiple times,A female speaker speaks clearly in English with a natural tone and moderate pace in a quiet environment.
/home/jupyter-koustav/fine_tuning/test_1/12200368278244671662.wav,these couples may choose to make an adoption plan for their baby,A female speaker speaks clearly in English with a natural tone and moderate pace in a quiet environment.
/home/jupyter-koustav/fine_tuning/test_1/11853072634976133891.wav,these couples may choose to make an adoption plan for their baby,A male speaker speaks clearly in English with a natural tone and moderate pace in a quiet environment.
/home/jupyter-koustav/fine_tuning/test_1/7266355212113564962.wav,this is the place the british colonisers took as their own and so if you are looking for evidence of the territory's colonial past this is a good place to start,A male speaker speaks clearly in English with a natural tone and moderate pace in a quiet environment.
/home/jupyter-koustav/fine_tuning/test_1/8260950316138046112.wav,this is the place the british colonisers took as their own and so if you are looking for evidence of the territory's colonial past this is a good place to start,A female speaker speaks clearly in English with a natural tone and moderate pace in a quiet environment.
/home/jupyter-koustav/fine_tuning/test_1/1963592535181342965.wav,the other nominations include best picture director cinematography costume design film-editing original score production design sound editing sound mixing and original screenplay,A female speaker speaks clearly in English with a natural tone and moderate pace in a quiet environment.
/home/jupyter-koustav/fine_tuning/test_1/10768814098664478369.wav,the other nominations include best picture director cinematography costume design film-editing original score production design sound editing sound mixing and original screenplay,A male speaker speaks clearly in English with a natural tone and moderate pace in a quiet environment.
/home/jupyter-koustav/fine_tuning/test_1/5131184112261114926.wav,the bridge is scheduled to be fully operational in september 2017 when the brazilian customs checkpoints are expected to be finished,A female speaker speaks clearly in English with a natural tone and moderate pace in a quiet environment.
/home/jupyter-koustav/fine_tuning/test_1/6614658234069371088.wav,the bridge is scheduled to be fully operational in september 2017 when the brazilian customs checkpoints are expected to be finished,A male speaker speaks clearly in English with a natural tone and moderate pace in a quiet environment.
/home/jupyter-koustav/fine_tuning/test_1/3664511950771966320.wav,the presence of a true  invisible team” larson and lafasto 1989 p109 is also a unique component of a virtual team,A female speaker speaks clearly in English with a natural tone and moderate pace in a quiet environment.
/home/jupyter-koustav/fine_tuning/test_1/2512373209802184926.wav,the presence of a true  invisible team” larson and lafasto 1989 p109 is also a unique component of a virtual team,A male speaker speaks clearly in English with a natural tone and moderate pace in a quiet environment.
/home/jupyter-koustav/fine_tuning/test_1/4848767269319106744.wav,a curry is a dish based on herbs and spices together with either meat or vegetables,A female speaker speaks clearly in English with a natural tone and moderate pace in a quiet environment.
/home/jupyter-koustav/fine_tuning/test_1/2024594662850694945.wav,a curry is a dish based on herbs and spices together with either meat or vegetables,A male speaker speaks clearly in English with a natural tone and moderate pace in a quiet environment.
/home/jupyter-koustav/fine_tuning/test_1/9177065516502908766.wav,by 1976 thirty percent of machu picchu had been restored and restoration continues till today,A female speaker speaks clearly in English with a natural tone and moderate pace in a quiet environment.
/home/jupyter-koustav/fine_tuning/test_1/13732033283623109766.wav,by 1976 thirty percent of machu picchu had been restored and restoration continues till today,A female speaker speaks clearly in English with a natural tone and moderate pace in a quiet environment.
/home/jupyter-koustav/fine_tuning/test_1/6275116524641817120.wav,angel 2006 explains the continuum approach as a method being used to help organizations reach a higher level of performance,A female speaker speaks clearly in English with a natural tone and moderate pace in a quiet environment.
/home/jupyter-koustav/fine_tuning/test_1/5204109021824689215.wav,a search of the internet for hostile environment course' will probably provide the address of a local company,A female speaker speaks clearly in English with a natural tone and moderate pace in a quiet environment.
/home/jupyter-koustav/fine_tuning/test_1/16311865697463361030.wav,a search of the internet for hostile environment course' will probably provide the address of a local company,A female speaker speaks clearly in English with a natural tone and moderate pace in a quiet environment.
/home/jupyter-koustav/fine_tuning/test_1/6605272483833286221.wav,re-entry shock comes on sooner than culture shock there's less of a honeymoon phase lasts longer and can be more severe,A female speaker speaks clearly in English with a natural tone and moderate pace in a quiet environment.
/home/jupyter-koustav/fine_tuning/test_1/9099003922402856523.wav,re-entry shock comes on sooner than culture shock there's less of a honeymoon phase lasts longer and can be more severe,A female speaker speaks clearly in English with a natural tone and moderate pace in a quiet environment.
/home/jupyter-koustav/fine_tuning/test_1/17535235071289984666.wav,cancellation policies vary but as of late march most coronavirus-based cancellation policies don't extend to july 2020 when the olympics had been scheduled,A female speaker speaks clearly in English with a natural tone and moderate pace in a quiet environment.
/home/jupyter-koustav/fine_tuning/test_1/2013850546771709559.wav,the city is in stark contrast to the rest of the country's cities because it has more of an arabic flair than of an african,A female speaker speaks clearly in English with a natural tone and moderate pace in a quiet environment.
/home/jupyter-koustav/fine_tuning/test_1/941860798944293989.wav,the city is in stark contrast to the rest of the country's cities because it has more of an arabic flair than of an african,A male speaker speaks clearly in English with a natural tone and moderate pace in a quiet environment.
/home/jupyter-koustav/fine_tuning/test_1/1372746700546513130.wav,it was ruled by the vichy french these were french people who had made peace with the germans in 1940 and worked with the invaders instead of fighting them,A male speaker speaks clearly in English with a natural tone and moderate pace in a quiet environment.
/home/jupyter-koustav/fine_tuning/test_1/1054805305879816018.wav,it was ruled by the vichy french these were french people who had made peace with the germans in 1940 and worked with the invaders instead of fighting them,A female speaker speaks clearly in English with a natural tone and moderate pace in a quiet environment.
/home/jupyter-koustav/fine_tuning/test_1/5049759849654620438.wav,the disease is carried by pigs which then migrates to humans through mosquitos,A female speaker speaks clearly in English with a natural tone and moderate pace in a quiet environment.
/home/jupyter-koustav/fine_tuning/test_1/17567046183557458641.wav,the disease is carried by pigs which then migrates to humans through mosquitos,A female speaker speaks clearly in English with a natural tone and moderate pace in a quiet environment.
/home/jupyter-koustav/fine_tuning/test_1/3359859709812172802.wav,they usually have special food drink and entertainment offers to keep guests in a good mood and keep them at the premise,A female speaker speaks clearly in English with a natural tone and moderate pace in a quiet environment.
/home/jupyter-koustav/fine_tuning/test_1/8573379125813015407.wav,they usually have special food drink and entertainment offers to keep guests in a good mood and keep them at the premise,A female speaker speaks clearly in English with a natural tone and moderate pace in a quiet environment.
/home/jupyter-koustav/fine_tuning/test_1/1729210846741769405.wav,sleep interruption is the process of purposefully awakening during your normal sleep period and falling asleep a short time later 10–60 minutes,A male speaker speaks clearly in English with a natural tone and moderate pace in a quiet environment.
/home/jupyter-koustav/fine_tuning/test_1/13896470903695476292.wav,sleep interruption is the process of purposefully awakening during your normal sleep period and falling asleep a short time later 10–60 minutes,A male speaker speaks clearly in English with a natural tone and moderate pace in a quiet environment.
/home/jupyter-koustav/fine_tuning/test_1/18202922830718982906.wav,professor pamela ferguson of the university of dundee notes journalists do seem to be walking a dangerous line if publishing photos etc of suspects,A female speaker speaks clearly in English with a natural tone and moderate pace in a quiet environment.
/home/jupyter-koustav/fine_tuning/test_1/16545276994853978309.wav,professor pamela ferguson of the university of dundee notes journalists do seem to be walking a dangerous line if publishing photos etc of suspects,A female speaker speaks clearly in English with a natural tone and moderate pace in a quiet environment.
/home/jupyter-koustav/fine_tuning/test_1/12462354014280856258.wav,the age where the events took place is commonly referred as the high middle ages the period of european history in the 11th 12th and 13th centuries ad 1000–1300,A female speaker speaks clearly in English with a natural tone and moderate pace in a quiet environment.
/home/jupyter-koustav/fine_tuning/test_1/8476150411360889825.wav,the age where the events took place is commonly referred as the high middle ages the period of european history in the 11th 12th and 13th centuries ad 1000–1300,A female speaker speaks clearly in English with a natural tone and moderate pace in a quiet environment.
/home/jupyter-koustav/fine_tuning/test_1/12784232275162817860.wav,congress began funding the obscenity initiative in fiscal 2005 and specified that the fbi must devote 10 agents to adult pornography,A female speaker speaks clearly in English with a natural tone and moderate pace in a quiet environment.
/home/jupyter-koustav/fine_tuning/test_1/5904418145588789259.wav,congress began funding the obscenity initiative in fiscal 2005 and specified that the fbi must devote 10 agents to adult pornography,A male speaker speaks clearly in English with a natural tone and moderate pace in a quiet environment.
/home/jupyter-koustav/fine_tuning/test_1/1111475259790805601.wav,oliver sacks in his paper the president's speech indicated how people who are unable to understand speech because of brain damage are nevertheless able to assess sincerity accurately,A female speaker speaks clearly in English with a natural tone and moderate pace in a quiet environment.
/home/jupyter-koustav/fine_tuning/test_1/5143306658627135996.wav,oliver sacks in his paper the president's speech indicated how people who are unable to understand speech because of brain damage are nevertheless able to assess sincerity accurately,A female speaker speaks clearly in English with a natural tone and moderate pace in a quiet environment.
/home/jupyter-koustav/fine_tuning/test_1/14384731673566706407.wav,elements like calcium and potassium are considered metals of course there are also metals like silver and gold,A female speaker speaks clearly in English with a natural tone and moderate pace in a quiet environment.
/home/jupyter-koustav/fine_tuning/test_1/394135166243682296.wav,asus eee pc earlier launched world-wide for cost-saving and functionality factors became a hot topic in 2007 taipei it month,A female speaker speaks clearly in English with a natural tone and moderate pace in a quiet environment.
/home/jupyter-koustav/fine_tuning/test_1/9154457394779597213.wav,asus eee pc earlier launched world-wide for cost-saving and functionality factors became a hot topic in 2007 taipei it month,A female speaker speaks clearly in English with a natural tone and moderate pace in a quiet environment.
/home/jupyter-koustav/fine_tuning/test_1/6845248534284654.wav,regular announcements in the metro are made only in catalan but unplanned disruptions are announced by an automated system in a wide variety of languages including spanish english french arabic and japanese,A female speaker speaks clearly in English with a natural tone and moderate pace in a quiet environment.
/home/jupyter-koustav/fine_tuning/test_1/9052682159806783261.wav,regular announcements in the metro are made only in catalan but unplanned disruptions are announced by an automated system in a wide variety of languages including spanish english french arabic and japanese,A female speaker speaks clearly in English with a natural tone and moderate pace in a quiet environment.
/home/jupyter-koustav/fine_tuning/test_1/15739600005438498912.wav,but after losing the captain's wicket india only made 36 runs loosing 7 wickets to end the innings,A female speaker speaks clearly in English with a natural tone and moderate pace in a quiet environment.
/home/jupyter-koustav/fine_tuning/test_1/14681158725429032808.wav,but after losing the captain's wicket india only made 36 runs loosing 7 wickets to end the innings,A female speaker speaks clearly in English with a natural tone and moderate pace in a quiet environment.
/home/jupyter-koustav/fine_tuning/test_1/9833173223298420094.wav,scaffolding is not a method of learning but rather an aid that provides support to individuals whom are undergoing a new learning experience such as using a new computer program or beginning a new project,A male speaker speaks clearly in English with a natural tone and moderate pace in a quiet environment.
/home/jupyter-koustav/fine_tuning/test_1/7411546787616977704.wav,scaffolding is not a method of learning but rather an aid that provides support to individuals whom are undergoing a new learning experience such as using a new computer program or beginning a new project,A female speaker speaks clearly in English with a natural tone and moderate pace in a quiet environment.
/home/jupyter-koustav/fine_tuning/test_1/12230326991067783666.wav,usa gymnastics and the usoc have the same goal making the sport of gymnastics and others as safe as possible for athletes to follow their dreams in a safe positive and empowered environment,A female speaker speaks clearly in English with a natural tone and moderate pace in a quiet environment.
/home/jupyter-koustav/fine_tuning/test_1/16437430878550556483.wav,usa gymnastics and the usoc have the same goal making the sport of gymnastics and others as safe as possible for athletes to follow their dreams in a safe positive and empowered environment,A female speaker speaks clearly in English with a natural tone and moderate pace in a quiet environment.
/home/jupyter-koustav/fine_tuning/test_1/7147508536410384136.wav,ancient cultures and tribes began to keep them for easy access to milk hair meat and skins,A female speaker speaks clearly in English with a natural tone and moderate pace in a quiet environment.
/home/jupyter-koustav/fine_tuning/test_1/2187541533417725553.wav,ancient cultures and tribes began to keep them for easy access to milk hair meat and skins,A female speaker speaks clearly in English with a natural tone and moderate pace in a quiet environment.
/home/jupyter-koustav/fine_tuning/test_1/4041283782469778574.wav,the work done was mostly theoretical but the program was written to simulate observations made of the sagittarius galaxy,A female speaker speaks clearly in English with a natural tone and moderate pace in a quiet environment.
/home/jupyter-koustav/fine_tuning/test_1/9492244844910613453.wav,the work done was mostly theoretical but the program was written to simulate observations made of the sagittarius galaxy,A female speaker speaks clearly in English with a natural tone and moderate pace in a quiet environment.
/home/jupyter-koustav/fine_tuning/test_1/9253409408372025849.wav,the tiger's roar is not like the full-voiced roar of a lion but more like a sentence of snarly shouted words,A female speaker speaks clearly in English with a natural tone and moderate pace in a quiet environment.
/home/jupyter-koustav/fine_tuning/test_1/1553627708563736436.wav,the tiger's roar is not like the full-voiced roar of a lion but more like a sentence of snarly shouted words,A female speaker speaks clearly in English with a natural tone and moderate pace in a quiet environment.
/home/jupyter-koustav/fine_tuning/test_1/10622204403793540766.wav,for example each year students from bennet school in north carolina design a website about their trip to the state capital each year the website gets remodeled but old versions are kept online to serve as a scrapbook,A female speaker speaks clearly in English with a natural tone and moderate pace in a quiet environment.
/home/jupyter-koustav/fine_tuning/test_1/10383288285905292158.wav,for example each year students from bennet school in north carolina design a website about their trip to the state capital each year the website gets remodeled but old versions are kept online to serve as a scrapbook,A female speaker speaks clearly in English with a natural tone and moderate pace in a quiet environment.
/home/jupyter-koustav/fine_tuning/test_1/3495437884024744716.wav,plants look their best when in a natural environment so resist the temptation to remove even just one specimen,A female speaker speaks clearly in English with a natural tone and moderate pace in a quiet environment.
/home/jupyter-koustav/fine_tuning/test_1/6927296460002744628.wav,plants look their best when in a natural environment so resist the temptation to remove even just one specimen,A male speaker speaks clearly in English with a natural tone and moderate pace in a quiet environment.
/home/jupyter-koustav/fine_tuning/test_1/17477520783262554049.wav,the use of video recording has led to important discoveries in the interpretation of micro-expressions facial movements which last a few milliseconds,A male speaker speaks clearly in English with a natural tone and moderate pace in a quiet environment.
/home/jupyter-koustav/fine_tuning/test_1/5524098527613997160.wav,the use of video recording has led to important discoveries in the interpretation of micro-expressions facial movements which last a few milliseconds,A male speaker speaks clearly in English with a natural tone and moderate pace in a quiet environment.
/home/jupyter-koustav/fine_tuning/test_1/13963903782504043145.wav,nextgen is a system the faa claims would allow aircraft to fly shorter routes and save millions of gallons of fuel each year and cut carbon emissions,A female speaker speaks clearly in English with a natural tone and moderate pace in a quiet environment.
/home/jupyter-koustav/fine_tuning/test_1/4562231445388891346.wav,nextgen is a system the faa claims would allow aircraft to fly shorter routes and save millions of gallons of fuel each year and cut carbon emissions,A female speaker speaks clearly in English with a natural tone and moderate pace in a quiet environment.
/home/jupyter-koustav/fine_tuning/test_1/1803816418609037922.wav,many german baked goods also feature almonds hazelnuts and other tree nuts popular cakes often pair particularly well with a cup of strong coffee,A female speaker speaks clearly in English with a natural tone and moderate pace in a quiet environment.
/home/jupyter-koustav/fine_tuning/test_1/12517884865939916901.wav,it states that the most effective place for the main subject is at the intersection of lines dividing the image into thirds vertically and horizontally see example,A male speaker speaks clearly in English with a natural tone and moderate pace in a quiet environment.
/home/jupyter-koustav/fine_tuning/test_1/4666717028619624057.wav,it states that the most effective place for the main subject is at the intersection of lines dividing the image into thirds vertically and horizontally see example,A female speaker speaks clearly in English with a natural tone and moderate pace in a quiet environment.
/home/jupyter-koustav/fine_tuning/test_1/4822858934027125258.wav,it isn't alone though experimentation and an experiment is a test that is used to eliminate one or more of the possible hypotheses asking questions and making observations also guide scientific research,A male speaker speaks clearly in English with a natural tone and moderate pace in a quiet environment.
/home/jupyter-koustav/fine_tuning/test_1/9951576861356531238.wav,it isn't alone though experimentation and an experiment is a test that is used to eliminate one or more of the possible hypotheses asking questions and making observations also guide scientific research,A female speaker speaks clearly in English with a natural tone and moderate pace in a quiet environment.
/home/jupyter-koustav/fine_tuning/test_1/6080082056978846750.wav,the satellite was sent into space by a rocket scientists use telescopes in space because the earth's atmosphere distorts some of our light and view,A male speaker speaks clearly in English with a natural tone and moderate pace in a quiet environment.
/home/jupyter-koustav/fine_tuning/test_1/3005219570158977238.wav,the satellite was sent into space by a rocket scientists use telescopes in space because the earth's atmosphere distorts some of our light and view,A male speaker speaks clearly in English with a natural tone and moderate pace in a quiet environment.
/home/jupyter-koustav/fine_tuning/test_1/3236057319333367673.wav,as with all south african national parks there are daily conservation and entry fees for the park,A male speaker speaks clearly in English with a natural tone and moderate pace in a quiet environment.
/home/jupyter-koustav/fine_tuning/test_1/9544943042431649615.wav,as with all south african national parks there are daily conservation and entry fees for the park,A male speaker speaks clearly in English with a natural tone and moderate pace in a quiet environment.
/home/jupyter-koustav/fine_tuning/test_1/8281638920677065102.wav,the official falklands currency is the falkland pound fkp whose value is set equivalent to that of one british pound gbp,A male speaker speaks clearly in English with a natural tone and moderate pace in a quiet environment.
/home/jupyter-koustav/fine_tuning/test_1/2497077037159179595.wav,the official falklands currency is the falkland pound fkp whose value is set equivalent to that of one british pound gbp,A female speaker speaks clearly in English with a natural tone and moderate pace in a quiet environment.
/home/jupyter-koustav/fine_tuning/test_1/14240553912561192306.wav,the lower the tension the more positive the life force present every person has the potential to find absolute peace and contentment,A male speaker speaks clearly in English with a natural tone and moderate pace in a quiet environment.
/home/jupyter-koustav/fine_tuning/test_1/4940213511640275250.wav,italian is also the everyday language used by most of those who work in the state while latin is often used in religious ceremonies,A female speaker speaks clearly in English with a natural tone and moderate pace in a quiet environment.
/home/jupyter-koustav/fine_tuning/test_1/1273817225649957097.wav,italian is also the everyday language used by most of those who work in the state while latin is often used in religious ceremonies,A male speaker speaks clearly in English with a natural tone and moderate pace in a quiet environment.
/home/jupyter-koustav/fine_tuning/test_1/11966709226632417907.wav,everything in the universe is made of matter all matter is made of tiny particles called atoms,A male speaker speaks clearly in English with a natural tone and moderate pace in a quiet environment.
/home/jupyter-koustav/fine_tuning/test_1/16702780028313283623.wav,everything in the universe is made of matter all matter is made of tiny particles called atoms,A male speaker speaks clearly in English with a natural tone and moderate pace in a quiet environment.
/home/jupyter-koustav/fine_tuning/test_1/12966312239837756963.wav,this is called a chemical's ph you can make an indicator using red cabbage juice,A female speaker speaks clearly in English with a natural tone and moderate pace in a quiet environment.
/home/jupyter-koustav/fine_tuning/test_1/12018418318980824126.wav,this is called a chemical's ph you can make an indicator using red cabbage juice,A female speaker speaks clearly in English with a natural tone and moderate pace in a quiet environment.
/home/jupyter-koustav/fine_tuning/test_1/12970636128542220038.wav,mass car ownership also leads to a higher incidence of accidents on the roads which leads to the invention of new techniques in healthcare for repairing damaged bodies,A female speaker speaks clearly in English with a natural tone and moderate pace in a quiet environment.
/home/jupyter-koustav/fine_tuning/test_1/15278922555301201869.wav,mass car ownership also leads to a higher incidence of accidents on the roads which leads to the invention of new techniques in healthcare for repairing damaged bodies,A female speaker speaks clearly in English with a natural tone and moderate pace in a quiet environment.
/home/jupyter-koustav/fine_tuning/test_1/1270296314827012368.wav,the correlation between brain pathology and behaviour supports scientists in their research,A female speaker speaks clearly in English with a natural tone and moderate pace in a quiet environment.
/home/jupyter-koustav/fine_tuning/test_1/6701991686450020774.wav,the correlation between brain pathology and behaviour supports scientists in their research,A female speaker speaks clearly in English with a natural tone and moderate pace in a quiet environment.
/home/jupyter-koustav/fine_tuning/test_1/16561255522246307224.wav,there are still many men and women alive who survived their time here and many more who had loved ones who were murdered or worked to death there jews and non-jews alike,A male speaker speaks clearly in English with a natural tone and moderate pace in a quiet environment.
/home/jupyter-koustav/fine_tuning/test_1/14624695685248966546.wav,there are still many men and women alive who survived their time here and many more who had loved ones who were murdered or worked to death there jews and non-jews alike,A female speaker speaks clearly in English with a natural tone and moderate pace in a quiet environment.
/home/jupyter-koustav/fine_tuning/test_1/7481269528554216749.wav,he [wales] basically lied to us from the start. first by acting as if this was for legal reasons. second by pretending he was listening to us right up to his art deletion.	 h e | [ w a l e s ] | b a s i c a l l y | l i e d | t o | u s | f r o m | t h e | s t a r t . | f i r s t | b y | a c t i n g | a s | i f | t h i s | w a s | f o r | l e g a l | r e a s o n s . | s e c o n d | b y | p r e t e n d i n g | h e | w a s | l i s t e n i n g | t o | u s | r i g h t | u p | t o | h i s | a r t | d e l e t i o n . |,A female speaker speaks clearly in English with a natural tone and moderate pace in a quiet environment.
/home/jupyter-koustav/fine_tuning/test_1/1891517816131569989.wav,he [wales] basically lied to us from the start. first by acting as if this was for legal reasons. second by pretending he was listening to us right up to his art deletion.	 h e | [ w a l e s ] | b a s i c a l l y | l i e d | t o | u s | f r o m | t h e | s t a r t . | f i r s t | b y | a c t i n g | a s | i f | t h i s | w a s | f o r | l e g a l | r e a s o n s . | s e c o n d | b y | p r e t e n d i n g | h e | w a s | l i s t e n i n g | t o | u s | r i g h t | u p | t o | h i s | a r t | d e l e t i o n . |,A female speaker speaks clearly in English with a natural tone and moderate pace in a quiet environment.
/home/jupyter-koustav/fine_tuning/test_1/4498640649175127270.wav,he was reportedly aged in his 20s. in a statement bieber said [w]hile i was not present nor directly involved with this tragic accident my thoughts and prayers are with the family of the victim.,A female speaker speaks clearly in English with a natural tone and moderate pace in a quiet environment.
/home/jupyter-koustav/fine_tuning/test_1/6959849979442158896.wav,he was reportedly aged in his 20s. in a statement bieber said [w]hile i was not present nor directly involved with this tragic accident my thoughts and prayers are with the family of the victim.,A female speaker speaks clearly in English with a natural tone and moderate pace in a quiet environment.
/home/jupyter-koustav/fine_tuning/test_1/17744887036120495547.wav,the fission bomb works on the principle that it takes energy to put together a nucleus with many protons and neutrons,A female speaker speaks clearly in English with a natural tone and moderate pace in a quiet environment.
/home/jupyter-koustav/fine_tuning/test_1/4960341437383881404.wav,the fission bomb works on the principle that it takes energy to put together a nucleus with many protons and neutrons,A male speaker speaks clearly in English with a natural tone and moderate pace in a quiet environment.
/home/jupyter-koustav/fine_tuning/test_1/5767934843388875369.wav,if crossing the northern baltic in winter check the cabin location as going through ice causes quite horrible noise for those most affected,A male speaker speaks clearly in English with a natural tone and moderate pace in a quiet environment.
/home/jupyter-koustav/fine_tuning/test_1/6909856093066898902.wav,in 2002 goma was destroyed by lava from the nyiragongo volcano which buried most of the town's streets particularly the town centre,A female speaker speaks clearly in English with a natural tone and moderate pace in a quiet environment.
/home/jupyter-koustav/fine_tuning/test_1/2782797728435367637.wav,in 2002 goma was destroyed by lava from the nyiragongo volcano which buried most of the town's streets particularly the town centre,A female speaker speaks clearly in English with a natural tone and moderate pace in a quiet environment.
/home/jupyter-koustav/fine_tuning/test_1/15167791612734877902.wav,five minutes into the display a wind starts rolling in about a minute later the wind is reaching 70km/h... then the rain comes but so hard and so large that it slaps your skin like a needle then hail fell from the sky people panicking and screaming and running over each other,A female speaker speaks clearly in English with a natural tone and moderate pace in a quiet environment.
/home/jupyter-koustav/fine_tuning/test_1/246428728867349252.wav,five minutes into the display a wind starts rolling in about a minute later the wind is reaching 70km/h... then the rain comes but so hard and so large that it slaps your skin like a needle then hail fell from the sky people panicking and screaming and running over each other,A female speaker speaks clearly in English with a natural tone and moderate pace in a quiet environment.
/home/jupyter-koustav/fine_tuning/test_1/15199695878621076767.wav,this will allow it to be backwards compatible with 802.11a 802.11b and 802.11g provided that the base station has dual radios,A male speaker speaks clearly in English with a natural tone and moderate pace in a quiet environment.
/home/jupyter-koustav/fine_tuning/test_1/3156459702070203007.wav,cochamó valley - chile's premier climbing destination known as the yosemite of south america with a variety of granite big walls and crags,A female speaker speaks clearly in English with a natural tone and moderate pace in a quiet environment.
/home/jupyter-koustav/fine_tuning/test_1/6603783905885843777.wav,cochamó valley - chile's premier climbing destination known as the yosemite of south america with a variety of granite big walls and crags,A female speaker speaks clearly in English with a natural tone and moderate pace in a quiet environment.
/home/jupyter-koustav/fine_tuning/test_1/7205372698028731729.wav,parisians have a reputation for being egocentric rude and arrogant,A male speaker speaks clearly in English with a natural tone and moderate pace in a quiet environment.
/home/jupyter-koustav/fine_tuning/test_1/16890607023935231060.wav,parisians have a reputation for being egocentric rude and arrogant,A male speaker speaks clearly in English with a natural tone and moderate pace in a quiet environment.
/home/jupyter-koustav/fine_tuning/test_1/2690730742102184605.wav,some cruises feature berlin germany in the brochures as you can see from the map above berlin is no where near the sea and a visit to the city is not included in the price of the cruise,A female speaker speaks clearly in English with a natural tone and moderate pace in a quiet environment.
/home/jupyter-koustav/fine_tuning/test_1/9544888824256877274.wav,some cruises feature berlin germany in the brochures as you can see from the map above berlin is no where near the sea and a visit to the city is not included in the price of the cruise,A female speaker speaks clearly in English with a natural tone and moderate pace in a quiet environment.
/home/jupyter-koustav/fine_tuning/test_1/16188741492070958424.wav,it has brought us the train the car and many other transportation devices,A male speaker speaks clearly in English with a natural tone and moderate pace in a quiet environment.
/home/jupyter-koustav/fine_tuning/test_1/12820699144181559822.wav,it has brought us the train the car and many other transportation devices,A female speaker speaks clearly in English with a natural tone and moderate pace in a quiet environment.
/home/jupyter-koustav/fine_tuning/test_1/776561182148076732.wav,the commission was martelly's response to widespread anti-regime protests that started in october,A male speaker speaks clearly in English with a natural tone and moderate pace in a quiet environment.
/home/jupyter-koustav/fine_tuning/test_1/18284781272143232129.wav,also to the north visit the great sanctuary of our lady of fatima shrine a place of worldwide famous marian apparitions,A female speaker speaks clearly in English with a natural tone and moderate pace in a quiet environment.
/home/jupyter-koustav/fine_tuning/test_1/7853008702989503136.wav,liberal criticism of the reconstruction effort has focused on the awarding of reconstruction contracts to perceived washington insiders,A male speaker speaks clearly in English with a natural tone and moderate pace in a quiet environment.
/home/jupyter-koustav/fine_tuning/test_1/17107523751051309601.wav,liberal criticism of the reconstruction effort has focused on the awarding of reconstruction contracts to perceived washington insiders,A female speaker speaks clearly in English with a natural tone and moderate pace in a quiet environment.
/home/jupyter-koustav/fine_tuning/test_1/11459777646810052940.wav,built by the egyptians in the third century bce the great pyramid is one of many large pyramid structures built to honor dead pharaoh,A female speaker speaks clearly in English with a natural tone and moderate pace in a quiet environment.
/home/jupyter-koustav/fine_tuning/test_1/14944400645209157789.wav,built by the egyptians in the third century bce the great pyramid is one of many large pyramid structures built to honor dead pharaoh,A female speaker speaks clearly in English with a natural tone and moderate pace in a quiet environment.
/home/jupyter-koustav/fine_tuning/test_1/17390731724222522492.wav,for the springboks it ended a five-match losing streak,A female speaker speaks clearly in English with a natural tone and moderate pace in a quiet environment.
/home/jupyter-koustav/fine_tuning/test_1/13128254958003826368.wav,for the springboks it ended a five-match losing streak,A male speaker speaks clearly in English with a natural tone and moderate pace in a quiet environment.
/home/jupyter-koustav/fine_tuning/test_1/18050107333341461921.wav,the archipelago lies 120 km north of the peninsula the largest is king george island with the settlement of villa las estrellas,A female speaker speaks clearly in English with a natural tone and moderate pace in a quiet environment.
/home/jupyter-koustav/fine_tuning/test_1/15945599843667387523.wav,the archipelago lies 120 km north of the peninsula the largest is king george island with the settlement of villa las estrellas,A male speaker speaks clearly in English with a natural tone and moderate pace in a quiet environment.
/home/jupyter-koustav/fine_tuning/test_1/1483818313790875806.wav,in just two weeks the americans and free french forces had liberated southern france and were turning towards germany,A male speaker speaks clearly in English with a natural tone and moderate pace in a quiet environment.
/home/jupyter-koustav/fine_tuning/test_1/3130624662424273953.wav,in just two weeks the americans and free french forces had liberated southern france and were turning towards germany,A female speaker speaks clearly in English with a natural tone and moderate pace in a quiet environment.
/home/jupyter-koustav/fine_tuning/test_1/4705502721902980056.wav,think of the skiing route as of a similar hiking route,A male speaker speaks clearly in English with a natural tone and moderate pace in a quiet environment.
/home/jupyter-koustav/fine_tuning/test_1/9192331858482440321.wav,think of the skiing route as of a similar hiking route,A female speaker speaks clearly in English with a natural tone and moderate pace in a quiet environment.
/home/jupyter-koustav/fine_tuning/test_1/8837680402159291933.wav,we make our houses from plants and make clothes from plants most foods that we eat are plants without plants animals could not survive,A female speaker speaks clearly in English with a natural tone and moderate pace in a quiet environment.
/home/jupyter-koustav/fine_tuning/test_1/3996353344156412065.wav,we make our houses from plants and make clothes from plants most foods that we eat are plants without plants animals could not survive,A female speaker speaks clearly in English with a natural tone and moderate pace in a quiet environment.
/home/jupyter-koustav/fine_tuning/test_1/15790784892019701649.wav,the central authority of the church had been in rome for over a thousand years and this concentration of power and money led many to question whether this tenet was being met,A male speaker speaks clearly in English with a natural tone and moderate pace in a quiet environment.
/home/jupyter-koustav/fine_tuning/test_1/15462197415062072209.wav,the central authority of the church had been in rome for over a thousand years and this concentration of power and money led many to question whether this tenet was being met,A female speaker speaks clearly in English with a natural tone and moderate pace in a quiet environment.
/home/jupyter-koustav/fine_tuning/test_1/1531123292382678510.wav,giancarlo fisichella lost control of his car and ended the race very soon after the start,A female speaker speaks clearly in English with a natural tone and moderate pace in a quiet environment.
/home/jupyter-koustav/fine_tuning/test_1/13713355703439016228.wav,giancarlo fisichella lost control of his car and ended the race very soon after the start,A female speaker speaks clearly in English with a natural tone and moderate pace in a quiet environment.
/home/jupyter-koustav/fine_tuning/test_1/10933070083389897676.wav,due to the underwater topology the return flow is concentrated at a few deeper sections and a fast current to deep water may form there,A female speaker speaks clearly in English with a natural tone and moderate pace in a quiet environment.
/home/jupyter-koustav/fine_tuning/test_1/6075416811919407935.wav,due to the underwater topology the return flow is concentrated at a few deeper sections and a fast current to deep water may form there,A female speaker speaks clearly in English with a natural tone and moderate pace in a quiet environment.
/home/jupyter-koustav/fine_tuning/test_1/988308832713047124.wav,as a result the process of an organization working together to overcome an obstacle can lead to a new innovative process to serve the customer's need,A female speaker speaks clearly in English with a natural tone and moderate pace in a quiet environment.
/home/jupyter-koustav/fine_tuning/test_1/8036301841859634130.wav,as a result the process of an organization working together to overcome an obstacle can lead to a new innovative process to serve the customer's need,A male speaker speaks clearly in English with a natural tone and moderate pace in a quiet environment.
/home/jupyter-koustav/fine_tuning/test_1/15494714124475485422.wav,according to japan's nuclear agency radioactive caesium and iodine has been identified at the plant,A female speaker speaks clearly in English with a natural tone and moderate pace in a quiet environment.
/home/jupyter-koustav/fine_tuning/test_1/814068542761107022.wav,according to japan's nuclear agency radioactive caesium and iodine has been identified at the plant,A male speaker speaks clearly in English with a natural tone and moderate pace in a quiet environment.
/home/jupyter-koustav/fine_tuning/test_1/15824575839049156888.wav,the two compounds react with one another to form crystals that may block kidney function researchers at the university said,A female speaker speaks clearly in English with a natural tone and moderate pace in a quiet environment.
/home/jupyter-koustav/fine_tuning/test_1/4872682023567074953.wav,the two compounds react with one another to form crystals that may block kidney function researchers at the university said,A female speaker speaks clearly in English with a natural tone and moderate pace in a quiet environment.
/home/jupyter-koustav/fine_tuning/test_1/1242235796224521830.wav,the parade of buildings that make the hong kong skyline has been likened to a glittering bar chart that is made apparent by the presence of the waters of victoria harbour,A male speaker speaks clearly in English with a natural tone and moderate pace in a quiet environment.
/home/jupyter-koustav/fine_tuning/test_1/1497068838470674354.wav,the parade of buildings that make the hong kong skyline has been likened to a glittering bar chart that is made apparent by the presence of the waters of victoria harbour,A male speaker speaks clearly in English with a natural tone and moderate pace in a quiet environment.
/home/jupyter-koustav/fine_tuning/test_1/15038927295183526116.wav,the ph level is indicated by the amount of hydrogen the h in ph ions in the tested chemical,A female speaker speaks clearly in English with a natural tone and moderate pace in a quiet environment.
/home/jupyter-koustav/fine_tuning/test_1/7528221290776312797.wav,the ph level is indicated by the amount of hydrogen the h in ph ions in the tested chemical,A male speaker speaks clearly in English with a natural tone and moderate pace in a quiet environment.
/home/jupyter-koustav/fine_tuning/test_1/2437577605225034571.wav,while one experimental vaccine appears able to reduce ebola mortality up until now no drugs have been clearly demonstrated suitable for treating existing infection,A female speaker speaks clearly in English with a natural tone and moderate pace in a quiet environment.
/home/jupyter-koustav/fine_tuning/test_1/7961517481926142457.wav,while one experimental vaccine appears able to reduce ebola mortality up until now no drugs have been clearly demonstrated suitable for treating existing infection,A female speaker speaks clearly in English with a natural tone and moderate pace in a quiet environment.
/home/jupyter-koustav/fine_tuning/test_1/8473036820953240930.wav,travellers bound for countries with heavy taxation can sometimes save a considerable amount of money especially on products such as alcoholic beverages and tobacco,A female speaker speaks clearly in English with a natural tone and moderate pace in a quiet environment.
/home/jupyter-koustav/fine_tuning/test_1/17498257810809617374.wav,"however these plans were rendered obsolete nearly overnight when over 800,000 soldiers from the soviet's union red army entered and created the belarussian and ukrainian fronts after invading the eastern regions of poland in violation of the riga peace treaty the soviet-polish non-aggression pact and other international treaties both bilateral and multilateral",A female speaker speaks clearly in English with a natural tone and moderate pace in a quiet environment.
/home/jupyter-koustav/fine_tuning/test_1/6162405598905036396.wav,high winds hail excessive precipitation and wildfires are forms and effects of severe weather as are thunderstorms tornadoes waterspouts and cyclones,A female speaker speaks clearly in English with a natural tone and moderate pace in a quiet environment.
/home/jupyter-koustav/fine_tuning/test_1/5408022991504111502.wav,high winds hail excessive precipitation and wildfires are forms and effects of severe weather as are thunderstorms tornadoes waterspouts and cyclones,A male speaker speaks clearly in English with a natural tone and moderate pace in a quiet environment.
/home/jupyter-koustav/fine_tuning/test_1/11554335886429174193.wav,generally speaking two behaviors can emerge as managers begin to lead their former peers. one end of the spectrum is trying to remain  one of the guys” or gals,A female speaker speaks clearly in English with a natural tone and moderate pace in a quiet environment.
/home/jupyter-koustav/fine_tuning/test_1/156130586016414879.wav,generally speaking two behaviors can emerge as managers begin to lead their former peers. one end of the spectrum is trying to remain  one of the guys” or gals,A female speaker speaks clearly in English with a natural tone and moderate pace in a quiet environment.
/home/jupyter-koustav/fine_tuning/test_1/17406400587485166719.wav,the vehicle itself was taken away from the scene of the accident at approximately 1200 gmt on the same day,A male speaker speaks clearly in English with a natural tone and moderate pace in a quiet environment.
/home/jupyter-koustav/fine_tuning/test_1/16367441259442214277.wav,the vehicle itself was taken away from the scene of the accident at approximately 1200 gmt on the same day,A male speaker speaks clearly in English with a natural tone and moderate pace in a quiet environment.
/home/jupyter-koustav/fine_tuning/test_1/16200495359369533302.wav,saint petersburg cruises include time in town. cruise passengers are exempted from visa requirements check the terms,A female speaker speaks clearly in English with a natural tone and moderate pace in a quiet environment.
/home/jupyter-koustav/fine_tuning/test_1/3111983050474671345.wav,saint petersburg cruises include time in town. cruise passengers are exempted from visa requirements check the terms,A female speaker speaks clearly in English with a natural tone and moderate pace in a quiet environment.
/home/jupyter-koustav/fine_tuning/test_1/11374239868879585530.wav,the hot chocolate is up to belgian standards fruit juices are pricey but excellent,A female speaker speaks clearly in English with a natural tone and moderate pace in a quiet environment.
/home/jupyter-koustav/fine_tuning/test_1/1800879378797955911.wav,the hot chocolate is up to belgian standards fruit juices are pricey but excellent,A male speaker speaks clearly in English with a natural tone and moderate pace in a quiet environment.
/home/jupyter-koustav/fine_tuning/test_1/13809395828339499811.wav,one of the most common methods used to illustrate the importance of socialization is to draw upon the few unfortunate cases of children who were through neglect misfortune or wilful abuse not socialized by adults while they were growing up,A female speaker speaks clearly in English with a natural tone and moderate pace in a quiet environment.
/home/jupyter-koustav/fine_tuning/test_1/916168198524353904.wav,one of the most common methods used to illustrate the importance of socialization is to draw upon the few unfortunate cases of children who were through neglect misfortune or wilful abuse not socialized by adults while they were growing up,A male speaker speaks clearly in English with a natural tone and moderate pace in a quiet environment.
/home/jupyter-koustav/fine_tuning/test_1/2809748946829114692.wav,many people don't think about them as dinosaurs because they have feathers and can fly,A female speaker speaks clearly in English with a natural tone and moderate pace in a quiet environment.
/home/jupyter-koustav/fine_tuning/test_1/10233995782544396174.wav,many people don't think about them as dinosaurs because they have feathers and can fly,A female speaker speaks clearly in English with a natural tone and moderate pace in a quiet environment.
/home/jupyter-koustav/fine_tuning/test_1/12442340605801616197.wav,the aspect ratio of this format dividing by twelve to obtain the simplest whole-number ratio is therefore said to be 3:2,A female speaker speaks clearly in English with a natural tone and moderate pace in a quiet environment.
/home/jupyter-koustav/fine_tuning/test_1/10344335557154974057.wav,the aspect ratio of this format dividing by twelve to obtain the simplest whole-number ratio is therefore said to be 3:2,A male speaker speaks clearly in English with a natural tone and moderate pace in a quiet environment.
/home/jupyter-koustav/fine_tuning/test_1/3797667971540248320.wav,because the dinosaur feathers do not have a well-developed shaft called a rachis but do have other features of feathers barbs and barbules the researchers inferred the rachis was likely a later evolutionary development that these other features,A female speaker speaks clearly in English with a natural tone and moderate pace in a quiet environment.
/home/jupyter-koustav/fine_tuning/test_1/15966297335082605286.wav,because the dinosaur feathers do not have a well-developed shaft called a rachis but do have other features of feathers barbs and barbules the researchers inferred the rachis was likely a later evolutionary development that these other features,A female speaker speaks clearly in English with a natural tone and moderate pace in a quiet environment.
/home/jupyter-koustav/fine_tuning/test_1/18359063029191000694.wav,the scientists were able to conclude that the dark matter affect other dark matter in the same way regular matter does,A male speaker speaks clearly in English with a natural tone and moderate pace in a quiet environment.
/home/jupyter-koustav/fine_tuning/test_1/4844570914389909899.wav,prior to the arrival of troops haiti had not encountered problems related to the disease since the 1800s,A female speaker speaks clearly in English with a natural tone and moderate pace in a quiet environment.
/home/jupyter-koustav/fine_tuning/test_1/5111153817746112904.wav,prior to the arrival of troops haiti had not encountered problems related to the disease since the 1800s,A male speaker speaks clearly in English with a natural tone and moderate pace in a quiet environment.
/home/jupyter-koustav/fine_tuning/test_1/17623856607065799247.wav,during the 1920s the prevailing attitudes of most citizens and nations was that of pacifism and isolation,A female speaker speaks clearly in English with a natural tone and moderate pace in a quiet environment.
/home/jupyter-koustav/fine_tuning/test_1/14855926442890309286.wav,plants make their food from the sun by photosynthesis they also provide shade,A male speaker speaks clearly in English with a natural tone and moderate pace in a quiet environment.
/home/jupyter-koustav/fine_tuning/test_1/16482413846901462656.wav,plants make their food from the sun by photosynthesis they also provide shade,A male speaker speaks clearly in English with a natural tone and moderate pace in a quiet environment.
/home/jupyter-koustav/fine_tuning/test_1/11617272550749387741.wav,cuomo 53 began his governorship earlier this year and signed a bill last month legalizing same-sex marriage,A female speaker speaks clearly in English with a natural tone and moderate pace in a quiet environment.
/home/jupyter-koustav/fine_tuning/test_1/125194026787628519.wav,cuomo 53 began his governorship earlier this year and signed a bill last month legalizing same-sex marriage,A female speaker speaks clearly in English with a natural tone and moderate pace in a quiet environment.
/home/jupyter-koustav/fine_tuning/test_1/3794657101809943148.wav,to get the best views of hong kong leave the island and head for the kowloon waterfront opposite,A female speaker speaks clearly in English with a natural tone and moderate pace in a quiet environment.
/home/jupyter-koustav/fine_tuning/test_1/14146977097620621690.wav,to get the best views of hong kong leave the island and head for the kowloon waterfront opposite,A female speaker speaks clearly in English with a natural tone and moderate pace in a quiet environment.
/home/jupyter-koustav/fine_tuning/test_1/6810123023171733450.wav,madagascar is by far the biggest and a continent on its own when it comes to wildlife,A male speaker speaks clearly in English with a natural tone and moderate pace in a quiet environment.
/home/jupyter-koustav/fine_tuning/test_1/5970882371928079940.wav,madagascar is by far the biggest and a continent on its own when it comes to wildlife,A male speaker speaks clearly in English with a natural tone and moderate pace in a quiet environment.
/home/jupyter-koustav/fine_tuning/test_1/6306322369645218273.wav,one can only wonder what the keyboard will become when something newer comes along,A male speaker speaks clearly in English with a natural tone and moderate pace in a quiet environment.
/home/jupyter-koustav/fine_tuning/test_1/3404855403082339212.wav,one can only wonder what the keyboard will become when something newer comes along,A female speaker speaks clearly in English with a natural tone and moderate pace in a quiet environment.
/home/jupyter-koustav/fine_tuning/test_1/17931113498862338153.wav,mosasaurus was the apex predator of its time so it feared nothing except other mosasaurs,A male speaker speaks clearly in English with a natural tone and moderate pace in a quiet environment.
/home/jupyter-koustav/fine_tuning/test_1/12596571867015231445.wav,mosasaurus was the apex predator of its time so it feared nothing except other mosasaurs,A female speaker speaks clearly in English with a natural tone and moderate pace in a quiet environment.
/home/jupyter-koustav/fine_tuning/test_1/18045404733982450413.wav,he referred to the rumors as political chatter and silliness,A female speaker speaks clearly in English with a natural tone and moderate pace in a quiet environment.
/home/jupyter-koustav/fine_tuning/test_1/17897122138146023259.wav,he referred to the rumors as political chatter and silliness,A female speaker speaks clearly in English with a natural tone and moderate pace in a quiet environment.
/home/jupyter-koustav/fine_tuning/test_1/13388880723958450388.wav,all things considered we should not be surprised if our own ancestors solved their protein problem in somewhat the same way that chimps on the savanna do today,A female speaker speaks clearly in English with a natural tone and moderate pace in a quiet environment.
/home/jupyter-koustav/fine_tuning/test_1/5910253289107526048.wav,all things considered we should not be surprised if our own ancestors solved their protein problem in somewhat the same way that chimps on the savanna do today,A male speaker speaks clearly in English with a natural tone and moderate pace in a quiet environment.
/home/jupyter-koustav/fine_tuning/test_1/5153770112137332001.wav,huhne has resigned and he will be replaced in the cabinet by ed davey mp norman lamb mp is expected to take the business minister job davey is vacating,A female speaker speaks clearly in English with a natural tone and moderate pace in a quiet environment.
/home/jupyter-koustav/fine_tuning/test_1/17720519199437095973.wav,huhne has resigned and he will be replaced in the cabinet by ed davey mp norman lamb mp is expected to take the business minister job davey is vacating,A male speaker speaks clearly in English with a natural tone and moderate pace in a quiet environment.
/home/jupyter-koustav/fine_tuning/test_1/10937407360976471523.wav,the crash occurred high up in mountainous terrain and is believed to have been the result of hostile fire,A male speaker speaks clearly in English with a natural tone and moderate pace in a quiet environment.
/home/jupyter-koustav/fine_tuning/test_1/985789144848890340.wav,most of the buildings on the edges of the complex have been rebuilt in order to give tourists a better idea of how they originally appeared,A male speaker speaks clearly in English with a natural tone and moderate pace in a quiet environment.
/home/jupyter-koustav/fine_tuning/test_1/4329375098749636027.wav,most of the buildings on the edges of the complex have been rebuilt in order to give tourists a better idea of how they originally appeared,A female speaker speaks clearly in English with a natural tone and moderate pace in a quiet environment.
/home/jupyter-koustav/fine_tuning/test_1/3296442401947230785.wav,this offers a good opportunity to see the aurora borealis as the sky will be dark more or less around the clock,A female speaker speaks clearly in English with a natural tone and moderate pace in a quiet environment.
/home/jupyter-koustav/fine_tuning/test_1/319499985577636973.wav,finally there are many small cats including loose pet cats that eat the far more numerous small prey like insects rodents lizards and birds,A male speaker speaks clearly in English with a natural tone and moderate pace in a quiet environment.
/home/jupyter-koustav/fine_tuning/test_1/17202654907652316758.wav,finally there are many small cats including loose pet cats that eat the far more numerous small prey like insects rodents lizards and birds,A female speaker speaks clearly in English with a natural tone and moderate pace in a quiet environment.
/home/jupyter-koustav/fine_tuning/test_1/3922043533653727350.wav,in fact it is not easy to find at all even if one knew it existed once inside the cave it is a total isolation,A female speaker speaks clearly in English with a natural tone and moderate pace in a quiet environment.
/home/jupyter-koustav/fine_tuning/test_1/6441357835378888974.wav,in fact it is not easy to find at all even if one knew it existed once inside the cave it is a total isolation,A female speaker speaks clearly in English with a natural tone and moderate pace in a quiet environment.
/home/jupyter-koustav/fine_tuning/test_1/2133693849393745219.wav,it is related to but usually not involving alpine style ski touring or mountaineering the latter ones done in steep terrain and requiring much stiffer skis and boots,A female speaker speaks clearly in English with a natural tone and moderate pace in a quiet environment.
/home/jupyter-koustav/fine_tuning/test_1/678174152690230753.wav,it is related to but usually not involving alpine style ski touring or mountaineering the latter ones done in steep terrain and requiring much stiffer skis and boots,A female speaker speaks clearly in English with a natural tone and moderate pace in a quiet environment.
/home/jupyter-koustav/fine_tuning/test_1/9089212191853214530.wav,only mutations in germ-line cells can be passed on to children while mutations elsewhere can cause cell-death or cancer,A male speaker speaks clearly in English with a natural tone and moderate pace in a quiet environment.
/home/jupyter-koustav/fine_tuning/test_1/12156117084384995618.wav,only mutations in germ-line cells can be passed on to children while mutations elsewhere can cause cell-death or cancer,A female speaker speaks clearly in English with a natural tone and moderate pace in a quiet environment.
/home/jupyter-koustav/fine_tuning/test_1/13458636098813464476.wav,they have feet with scales and claws they lay eggs and they walk on their two back legs like a t-rex,A female speaker speaks clearly in English with a natural tone and moderate pace in a quiet environment.
/home/jupyter-koustav/fine_tuning/test_1/14738234113419638776.wav,they have feet with scales and claws they lay eggs and they walk on their two back legs like a t-rex,A female speaker speaks clearly in English with a natural tone and moderate pace in a quiet environment.
/home/jupyter-koustav/fine_tuning/test_1/12190760535244332971.wav,the giza plateau or giza necropolis in the egyptian valley of the dead contains several pyramids of which the great pyramid is the largest several small tombs several temples and the great sphinx,A male speaker speaks clearly in English with a natural tone and moderate pace in a quiet environment.
/home/jupyter-koustav/fine_tuning/test_1/5059640273671690654.wav,the giza plateau or giza necropolis in the egyptian valley of the dead contains several pyramids of which the great pyramid is the largest several small tombs several temples and the great sphinx,A male speaker speaks clearly in English with a natural tone and moderate pace in a quiet environment.
/home/jupyter-koustav/fine_tuning/test_1/8148321977143490493.wav,the plitvice lakes national park is heavily forested mainly with beech spruce and fir trees and features a mixture of alpine and mediterranean vegetation,A female speaker speaks clearly in English with a natural tone and moderate pace in a quiet environment.
/home/jupyter-koustav/fine_tuning/test_1/11781376959217630586.wav,the plitvice lakes national park is heavily forested mainly with beech spruce and fir trees and features a mixture of alpine and mediterranean vegetation,A male speaker speaks clearly in English with a natural tone and moderate pace in a quiet environment.
/home/jupyter-koustav/fine_tuning/test_1/5920564818407981934.wav,just like the moon exerts a pull on the earth causing tides so does the milky way exert a force on the sagittarius galaxy,A female speaker speaks clearly in English with a natural tone and moderate pace in a quiet environment.
/home/jupyter-koustav/fine_tuning/test_1/6434859821714227491.wav,anyone who's going to drive at high latitudes or over mountain passes should consider the possibility of snow ice or freezing temperatures,A male speaker speaks clearly in English with a natural tone and moderate pace in a quiet environment.
/home/jupyter-koustav/fine_tuning/test_1/10492761258488775721.wav,anyone who's going to drive at high latitudes or over mountain passes should consider the possibility of snow ice or freezing temperatures,A female speaker speaks clearly in English with a natural tone and moderate pace in a quiet environment.
/home/jupyter-koustav/fine_tuning/test_1/9063124481850378787.wav,usually you always here the sound of tourists and vendors the story of the sound and light is just like a story book,A female speaker speaks clearly in English with a natural tone and moderate pace in a quiet environment.
/home/jupyter-koustav/fine_tuning/test_1/14960809846091330730.wav,usa gymnastics supports the united states olympic committee's letter and accepts the absolute need of the olympic family to promote a safe environment for all of our athletes,A male speaker speaks clearly in English with a natural tone and moderate pace in a quiet environment.
/home/jupyter-koustav/fine_tuning/test_1/6269047638238623389.wav,usa gymnastics supports the united states olympic committee's letter and accepts the absolute need of the olympic family to promote a safe environment for all of our athletes,A male speaker speaks clearly in English with a natural tone and moderate pace in a quiet environment.
/home/jupyter-koustav/fine_tuning/test_1/3945532745541195136.wav,at the other end of the spectrum one morphs into an unrecognizable individual that feels he or she must change everything the team has been doing and make it their own,A male speaker speaks clearly in English with a natural tone and moderate pace in a quiet environment.
/home/jupyter-koustav/fine_tuning/test_1/9794832621341165457.wav,at the other end of the spectrum one morphs into an unrecognizable individual that feels he or she must change everything the team has been doing and make it their own,A female speaker speaks clearly in English with a natural tone and moderate pace in a quiet environment.
/home/jupyter-koustav/fine_tuning/test_1/11497310594035767755.wav,lion prides act much like packs of wolves or dogs animals surprisingly similar to lions but not other big cats in behavior and also very deadly to their prey,A female speaker speaks clearly in English with a natural tone and moderate pace in a quiet environment.
/home/jupyter-koustav/fine_tuning/test_1/10405958125670257178.wav,lion prides act much like packs of wolves or dogs animals surprisingly similar to lions but not other big cats in behavior and also very deadly to their prey,A female speaker speaks clearly in English with a natural tone and moderate pace in a quiet environment.
/home/jupyter-koustav/fine_tuning/test_1/6847551837519900288.wav,finland is a great boating destination the land of a thousand lakes has thousands of islands too in the lakes and in the coastal archipelagos,A female speaker speaks clearly in English with a natural tone and moderate pace in a quiet environment.
/home/jupyter-koustav/fine_tuning/test_1/2362130555763646360.wav,finland is a great boating destination the land of a thousand lakes has thousands of islands too in the lakes and in the coastal archipelagos,A female speaker speaks clearly in English with a natural tone and moderate pace in a quiet environment.
/home/jupyter-koustav/fine_tuning/test_1/11668734600035674277.wav,the ruling party south west africa people's organisation swapo also retained a majority in the parliamentary elections,A male speaker speaks clearly in English with a natural tone and moderate pace in a quiet environment.
/home/jupyter-koustav/fine_tuning/test_1/3866409166763965048.wav,the ruling party south west africa people's organisation swapo also retained a majority in the parliamentary elections,A female speaker speaks clearly in English with a natural tone and moderate pace in a quiet environment.
/home/jupyter-koustav/fine_tuning/test_1/13295416245066118625.wav,the u.s. corps of engineers estimated that 6 inches of rainfall could breach the previously damaged levees,A male speaker speaks clearly in English with a natural tone and moderate pace in a quiet environment.
/home/jupyter-koustav/fine_tuning/test_1/5865390219641610051.wav,the u.s. corps of engineers estimated that 6 inches of rainfall could breach the previously damaged levees,A female speaker speaks clearly in English with a natural tone and moderate pace in a quiet environment.
/home/jupyter-koustav/fine_tuning/test_1/3160468870562283269.wav,last week meti announced that apple had informed it of 34 additional overheating incidents which the company called non-serious,A female speaker speaks clearly in English with a natural tone and moderate pace in a quiet environment.
/home/jupyter-koustav/fine_tuning/test_1/11260391063812418810.wav,last week meti announced that apple had informed it of 34 additional overheating incidents which the company called non-serious,A female speaker speaks clearly in English with a natural tone and moderate pace in a quiet environment.
/home/jupyter-koustav/fine_tuning/test_1/6284223441572848962.wav,martelly swore in a new provisional electoral council cep of nine members yesterday,A male speaker speaks clearly in English with a natural tone and moderate pace in a quiet environment.
/home/jupyter-koustav/fine_tuning/test_1/7705168054572226609.wav,martelly swore in a new provisional electoral council cep of nine members yesterday,A female speaker speaks clearly in English with a natural tone and moderate pace in a quiet environment.
/home/jupyter-koustav/fine_tuning/test_1/1107772981946748169.wav,but there are a lot of things about birds that still look like a dinosaur,A male speaker speaks clearly in English with a natural tone and moderate pace in a quiet environment.
/home/jupyter-koustav/fine_tuning/test_1/10471564175308895403.wav,but there are a lot of things about birds that still look like a dinosaur,A male speaker speaks clearly in English with a natural tone and moderate pace in a quiet environment.
/home/jupyter-koustav/fine_tuning/test_1/17637008742317695762.wav,entertainment news website tmz understands the photographer stopped his vehicle on the other side of sepulveda boulevard and attempted to take pictures of the police stop before crossing the road and continuing prompting the california highway patrol police officer conducting the traffic stop to order him back across twice,A male speaker speaks clearly in English with a natural tone and moderate pace in a quiet environment.
/home/jupyter-koustav/fine_tuning/test_1/18401388433019060091.wav,entertainment news website tmz understands the photographer stopped his vehicle on the other side of sepulveda boulevard and attempted to take pictures of the police stop before crossing the road and continuing prompting the california highway patrol police officer conducting the traffic stop to order him back across twice,A female speaker speaks clearly in English with a natural tone and moderate pace in a quiet environment.
/home/jupyter-koustav/fine_tuning/test_1/8601075939905194476.wav,fire rescue crews eventually doused the fire by 11:35 pm,A male speaker speaks clearly in English with a natural tone and moderate pace in a quiet environment.
/home/jupyter-koustav/fine_tuning/test_1/17867641190456170710.wav,fire rescue crews eventually doused the fire by 11:35 pm,A male speaker speaks clearly in English with a natural tone and moderate pace in a quiet environment.
/home/jupyter-koustav/fine_tuning/test_1/972042798956052862.wav,sharing a field trip virtually is also a great way to reflect a on a trip and share experiences with future classes,A female speaker speaks clearly in English with a natural tone and moderate pace in a quiet environment.
/home/jupyter-koustav/fine_tuning/test_1/12316410148883063626.wav,sharing a field trip virtually is also a great way to reflect a on a trip and share experiences with future classes,A female speaker speaks clearly in English with a natural tone and moderate pace in a quiet environment.
/home/jupyter-koustav/fine_tuning/test_1/9327483361259434782.wav,romanticism had a large element of cultural determinism drawn from writers such as goethe fichte and schlegel,A female speaker speaks clearly in English with a natural tone and moderate pace in a quiet environment.
/home/jupyter-koustav/fine_tuning/test_1/12742373433258665797.wav,romanticism had a large element of cultural determinism drawn from writers such as goethe fichte and schlegel,A female speaker speaks clearly in English with a natural tone and moderate pace in a quiet environment.
/home/jupyter-koustav/fine_tuning/test_1/12890154668042466980.wav,with two years of the end of the war the former allies were now enemies and the cold war began,A female speaker speaks clearly in English with a natural tone and moderate pace in a quiet environment.
/home/jupyter-koustav/fine_tuning/test_1/11504385604540375365.wav,scientists hope to understand how planets form especially how the earth formed since comets collided with the earth long ago,A female speaker speaks clearly in English with a natural tone and moderate pace in a quiet environment.
/home/jupyter-koustav/fine_tuning/test_1/2919974750836990238.wav,scientists hope to understand how planets form especially how the earth formed since comets collided with the earth long ago,A male speaker speaks clearly in English with a natural tone and moderate pace in a quiet environment.
/home/jupyter-koustav/fine_tuning/test_1/16207777688923954070.wav,a car bomb detonated at police headquarters in gaziantep turkey yesterday morning killed two police officers and injured more than twenty other people,A female speaker speaks clearly in English with a natural tone and moderate pace in a quiet environment.
/home/jupyter-koustav/fine_tuning/test_1/8782270367315935727.wav,a car bomb detonated at police headquarters in gaziantep turkey yesterday morning killed two police officers and injured more than twenty other people,A female speaker speaks clearly in English with a natural tone and moderate pace in a quiet environment.
/home/jupyter-koustav/fine_tuning/test_1/3793212987221322581.wav,on the outlying islands credit cards will probably not be accepted although british and united states currency may be taken check with the owners in advance to determine what is an acceptable payment method,A female speaker speaks clearly in English with a natural tone and moderate pace in a quiet environment.
/home/jupyter-koustav/fine_tuning/test_1/8361417265277853163.wav,aristotle a philosopher theorised that everything is made up of a mixture of one or more of four elements they were earth water air and fire,A female speaker speaks clearly in English with a natural tone and moderate pace in a quiet environment.
/home/jupyter-koustav/fine_tuning/test_1/727761988624859269.wav,aristotle a philosopher theorised that everything is made up of a mixture of one or more of four elements they were earth water air and fire,A female speaker speaks clearly in English with a natural tone and moderate pace in a quiet environment.
/home/jupyter-koustav/fine_tuning/test_1/13362021168025680919.wav,also after the revolution occupations were open to all male applicants allowing the most ambitious and successful to succeed,A male speaker speaks clearly in English with a natural tone and moderate pace in a quiet environment.
/home/jupyter-koustav/fine_tuning/test_1/11820398005906165915.wav,also after the revolution occupations were open to all male applicants allowing the most ambitious and successful to succeed,A female speaker speaks clearly in English with a natural tone and moderate pace in a quiet environment.
/home/jupyter-koustav/fine_tuning/test_1/970996899856075411.wav,on some routes the larger companies have their own planes but for other routes and smaller firms there was a problem,A female speaker speaks clearly in English with a natural tone and moderate pace in a quiet environment.
/home/jupyter-koustav/fine_tuning/test_1/12382404601461539160.wav,on some routes the larger companies have their own planes but for other routes and smaller firms there was a problem,A male speaker speaks clearly in English with a natural tone and moderate pace in a quiet environment.
/home/jupyter-koustav/fine_tuning/test_1/10751756685109361684.wav,danielle lantagne a un expert on the disease stated the outbreak was likely caused by the peacekeepers,A female speaker speaks clearly in English with a natural tone and moderate pace in a quiet environment.
/home/jupyter-koustav/fine_tuning/test_1/13447718337043682273.wav,danielle lantagne a un expert on the disease stated the outbreak was likely caused by the peacekeepers,A male speaker speaks clearly in English with a natural tone and moderate pace in a quiet environment.
/home/jupyter-koustav/fine_tuning/test_1/9427596237645207989.wav,with kundalini yoga the kundalini energy enlightenment energy is awakened through yoga postures breathing exercises mantras and visualizations,A female speaker speaks clearly in English with a natural tone and moderate pace in a quiet environment.
/home/jupyter-koustav/fine_tuning/test_1/12953138808800823203.wav,with kundalini yoga the kundalini energy enlightenment energy is awakened through yoga postures breathing exercises mantras and visualizations,A female speaker speaks clearly in English with a natural tone and moderate pace in a quiet environment.
/home/jupyter-koustav/fine_tuning/test_1/16989675193715509568.wav,their disciplined defence ball handling skills and excellent team work made them stand out and it was clear that this was the team to beat,A female speaker speaks clearly in English with a natural tone and moderate pace in a quiet environment.
/home/jupyter-koustav/fine_tuning/test_1/5531306493601107261.wav,their disciplined defence ball handling skills and excellent team work made them stand out and it was clear that this was the team to beat,A female speaker speaks clearly in English with a natural tone and moderate pace in a quiet environment.
/home/jupyter-koustav/fine_tuning/test_1/8660282724455407027.wav,today the only insects that cannot fold back their wings are dragon flies and mayflies,A female speaker speaks clearly in English with a natural tone and moderate pace in a quiet environment.
/home/jupyter-koustav/fine_tuning/test_1/1731561740051730459.wav,today the only insects that cannot fold back their wings are dragon flies and mayflies,A female speaker speaks clearly in English with a natural tone and moderate pace in a quiet environment.
/home/jupyter-koustav/fine_tuning/test_1/13359752682314548.wav,this is not going to be goodbye this is the closing of one chapter and the opening of a new one,A female speaker speaks clearly in English with a natural tone and moderate pace in a quiet environment.
/home/jupyter-koustav/fine_tuning/test_1/7702334162140062110.wav,this is not going to be goodbye this is the closing of one chapter and the opening of a new one,A female speaker speaks clearly in English with a natural tone and moderate pace in a quiet environment.
/home/jupyter-koustav/fine_tuning/test_1/13049690085129854387.wav,several large television screens were installed in various places in rome to let the people watch the ceremony,A male speaker speaks clearly in English with a natural tone and moderate pace in a quiet environment.
/home/jupyter-koustav/fine_tuning/test_1/7199696972196091849.wav,he was also engaged in engraving banknotes for many countries recent examples of his work including the prime ministerial portraits on the front of the new canadian $5 and $100 bills,A male speaker speaks clearly in English with a natural tone and moderate pace in a quiet environment.
/home/jupyter-koustav/fine_tuning/test_1/17555259562398245870.wav,he was also engaged in engraving banknotes for many countries recent examples of his work including the prime ministerial portraits on the front of the new canadian $5 and $100 bills,A female speaker speaks clearly in English with a natural tone and moderate pace in a quiet environment.
/home/jupyter-koustav/fine_tuning/test_1/1321689309737152988.wav,rolando mendoza fired his m16 rifle at the tourists,A male speaker speaks clearly in English with a natural tone and moderate pace in a quiet environment.
/home/jupyter-koustav/fine_tuning/test_1/1116140877447157610.wav,travellers are strongly advised to be aware of any risk of severe weather affecting their area as they may affect any travel plans,A female speaker speaks clearly in English with a natural tone and moderate pace in a quiet environment.
/home/jupyter-koustav/fine_tuning/test_1/7355420232561873190.wav,travellers are strongly advised to be aware of any risk of severe weather affecting their area as they may affect any travel plans,A female speaker speaks clearly in English with a natural tone and moderate pace in a quiet environment.
/home/jupyter-koustav/fine_tuning/test_1/5152804099019194563.wav,since 1988 ballot boxes must be transparent so that voters and observers can witness that no envelopes are present at the start of the vote and that no envelopes are added except those of the duly counted and authorized voters,A female speaker speaks clearly in English with a natural tone and moderate pace in a quiet environment.
/home/jupyter-koustav/fine_tuning/test_1/9490718340956113423.wav,since 1988 ballot boxes must be transparent so that voters and observers can witness that no envelopes are present at the start of the vote and that no envelopes are added except those of the duly counted and authorized voters,A male speaker speaks clearly in English with a natural tone and moderate pace in a quiet environment.
/home/jupyter-koustav/fine_tuning/test_1/129240607624460201.wav,if you have watched the movie national treasure you may think a treasure map was written on the back of the declaration of independence,A female speaker speaks clearly in English with a natural tone and moderate pace in a quiet environment.
/home/jupyter-koustav/fine_tuning/test_1/1153104690713813269.wav,if you have watched the movie national treasure you may think a treasure map was written on the back of the declaration of independence,A female speaker speaks clearly in English with a natural tone and moderate pace in a quiet environment.
/home/jupyter-koustav/fine_tuning/test_1/14212778709566873555.wav,the moroccan sultan rebuilt the city as daru l-badya and it was given the name casablanca by spanish traders who established trading bases there,A female speaker speaks clearly in English with a natural tone and moderate pace in a quiet environment.
/home/jupyter-koustav/fine_tuning/test_1/911543279759253336.wav,the moroccan sultan rebuilt the city as daru l-badya and it was given the name casablanca by spanish traders who established trading bases there,A female speaker speaks clearly in English with a natural tone and moderate pace in a quiet environment.
/home/jupyter-koustav/fine_tuning/test_1/9559175292465220167.wav,needless to say if you know a romance language it will be easier for you to learn portuguese,A female speaker speaks clearly in English with a natural tone and moderate pace in a quiet environment.
/home/jupyter-koustav/fine_tuning/test_1/18045112717362407063.wav,virtual scaffolds are internalized in the software and are meant to question prompt and explain procedures that may have been to challenging for the student to handle alone,A female speaker speaks clearly in English with a natural tone and moderate pace in a quiet environment.
/home/jupyter-koustav/fine_tuning/test_1/9976913881674290440.wav,virtual scaffolds are internalized in the software and are meant to question prompt and explain procedures that may have been to challenging for the student to handle alone,A female speaker speaks clearly in English with a natural tone and moderate pace in a quiet environment.
/home/jupyter-koustav/fine_tuning/test_1/17837018222808398366.wav,most interpretations of technological determinism share two general ideas that the development of technology itself follows a path largely beyond cultural or political influence and that technology in turn has effects on societies that are inherent rather than socially conditioned,A female speaker speaks clearly in English with a natural tone and moderate pace in a quiet environment.
/home/jupyter-koustav/fine_tuning/test_1/12700569942235742079.wav,other subjects on the agenda in bali include saving the world's remaining forests and sharing technologies to help developing nations grow in less-polluting ways,A female speaker speaks clearly in English with a natural tone and moderate pace in a quiet environment.
/home/jupyter-koustav/fine_tuning/test_1/2634994688992335656.wav,other subjects on the agenda in bali include saving the world's remaining forests and sharing technologies to help developing nations grow in less-polluting ways,A male speaker speaks clearly in English with a natural tone and moderate pace in a quiet environment.
/home/jupyter-koustav/fine_tuning/test_1/10481451226514948764.wav,women it is recommended that any women travellers say that they are married regardless of actual marital status,A male speaker speaks clearly in English with a natural tone and moderate pace in a quiet environment.
/home/jupyter-koustav/fine_tuning/test_1/315766676094600296.wav,women it is recommended that any women travellers say that they are married regardless of actual marital status,A female speaker speaks clearly in English with a natural tone and moderate pace in a quiet environment.
/home/jupyter-koustav/fine_tuning/test_1/12897153867514448386.wav,late on sunday the united states president donald trump in a statement delivered via the press secretary announced us troops would be leaving syria,A female speaker speaks clearly in English with a natural tone and moderate pace in a quiet environment.
/home/jupyter-koustav/fine_tuning/test_1/4566051537148836720.wav,late on sunday the united states president donald trump in a statement delivered via the press secretary announced us troops would be leaving syria,A female speaker speaks clearly in English with a natural tone and moderate pace in a quiet environment.
/home/jupyter-koustav/fine_tuning/test_1/15820671163473629623.wav,buses depart the inter-district bus station across the river throughout the day though most especially those heading to the east and jakar/bumthang leave between 06:30 and 07:30,A female speaker speaks clearly in English with a natural tone and moderate pace in a quiet environment.
/home/jupyter-koustav/fine_tuning/test_1/5220085499631368243.wav,virtual teams are held to the same standards of excellence as conventional teams but there are subtle differences,A female speaker speaks clearly in English with a natural tone and moderate pace in a quiet environment.
/home/jupyter-koustav/fine_tuning/test_1/10849792007407044602.wav,virtual teams are held to the same standards of excellence as conventional teams but there are subtle differences,A female speaker speaks clearly in English with a natural tone and moderate pace in a quiet environment.
/home/jupyter-koustav/fine_tuning/test_1/17559567402304106195.wav,middle order batsmen sachin tendulkar and rahul dravid performed well and made a hundred-run partnership,A female speaker speaks clearly in English with a natural tone and moderate pace in a quiet environment.
/home/jupyter-koustav/fine_tuning/test_1/3474684838723877021.wav,middle order batsmen sachin tendulkar and rahul dravid performed well and made a hundred-run partnership,A female speaker speaks clearly in English with a natural tone and moderate pace in a quiet environment.
/home/jupyter-koustav/fine_tuning/test_1/14139585382582687665.wav,the strategy proved effective cutting off vital military and civilian supplies although this blockade violated generally accepted international law codified by several international agreements of the past two centuries,A female speaker speaks clearly in English with a natural tone and moderate pace in a quiet environment.
/home/jupyter-koustav/fine_tuning/test_1/2107835372204888631.wav,the haitian institute for justice and democracy has referenced independent studies that suggest the nepalese un peacekeeping battalion unknowingly brought the disease to haiti,A male speaker speaks clearly in English with a natural tone and moderate pace in a quiet environment.
/home/jupyter-koustav/fine_tuning/test_1/17901982257181767377.wav,the haitian institute for justice and democracy has referenced independent studies that suggest the nepalese un peacekeeping battalion unknowingly brought the disease to haiti,A female speaker speaks clearly in English with a natural tone and moderate pace in a quiet environment.
/home/jupyter-koustav/fine_tuning/test_1/11880309600276730497.wav,similarly by having a schengen visa you do not need to apply for visas to each of the schengen member countries separately hence saving time money and paperwork,A female speaker speaks clearly in English with a natural tone and moderate pace in a quiet environment.
/home/jupyter-koustav/fine_tuning/test_1/12728606633758857674.wav,similarly by having a schengen visa you do not need to apply for visas to each of the schengen member countries separately hence saving time money and paperwork,A male speaker speaks clearly in English with a natural tone and moderate pace in a quiet environment.
