audio,text,description
/home/jupyter-koustav/fine_tuning/test_p/16801588291945986435.wav,"ripa karaṃṭa samuṃdarī taṭṭa nūṃ tor̤adīāṃ lahirāṃ toṃ vāpasa āuṇa vālā vahāa huṃdā hai, jo ki akasara rīpha jāṃ isade samāna thāvāṃ ‘te dekhaṇa nūṃ miladā hai.",A female speaker speaks clearly in Punjabi with a natural tone and moderate pace in a quiet environment.
/home/jupyter-koustav/fine_tuning/test_p/1458799382450162558.wav,"ripa karaṃṭa samuṃdarī taṭṭa nūṃ tor̤adīāṃ lahirāṃ toṃ vāpasa āuṇa vālā vahāa huṃdā hai, jo ki akasara rīpha jāṃ isade samāna thāvāṃ ‘te dekhaṇa nūṃ miladā hai.",A female speaker speaks clearly in Punjabi with a natural tone and moderate pace in a quiet environment.
/home/jupyter-koustav/fine_tuning/test_p/16748752270110148579.wav,"ripa karaṃṭa samuṃdarī taṭṭa nūṃ tor̤adīāṃ lahirāṃ toṃ vāpasa āuṇa vālā vahāa huṃdā hai, jo ki akasara rīpha jāṃ isade samāna thāvāṃ ‘te dekhaṇa nūṃ miladā hai.",A female speaker speaks clearly in Punjabi with a natural tone and moderate pace in a quiet environment.
/home/jupyter-koustav/fine_tuning/test_p/14563505655751884012.wav,uppara sapaśaṭa suṃdara ākāśa ate āsapāsa ner̤e-ter̤e de kaī pahār̤āṃ toṃ ilāvā kujha vī nahīṃ vekhiā jā sakadā hai. isa saṃsāra nūṃ bahuta thor̤ā guphā de aṃdaroṃ vekhiā jāṃ suṇiā jā sakadā hai.,A female speaker speaks clearly in Punjabi with a natural tone and moderate pace in a quiet environment.
/home/jupyter-koustav/fine_tuning/test_p/15038731443077161591.wav,uppara sapaśaṭa suṃdara ākāśa ate āsapāsa ner̤e-ter̤e de kaī pahār̤āṃ toṃ ilāvā kujha vī nahīṃ vekhiā jā sakadā hai. isa saṃsāra nūṃ bahuta thor̤ā guphā de aṃdaroṃ vekhiā jāṃ suṇiā jā sakadā hai.,A female speaker speaks clearly in Punjabi with a natural tone and moderate pace in a quiet environment.
/home/jupyter-koustav/fine_tuning/test_p/3348248816951252700.wav,"isa 'te ""vikī"" phraiṃca ne sāśana kītā sī. iha phraiṃca uha loka sī jinhāṃ ne 1940 vicca jaramanāṃ nāla śāṃtī samajhautā kītā sī ate uhanāṃ de hamalāvarāṃ nāla lar̤ana dī bajāe uhanāṃ nāla kamma kītā sī.",A female speaker speaks clearly in Punjabi with a natural tone and moderate pace in a quiet environment.
/home/jupyter-koustav/fine_tuning/test_p/12290458536723623373.wav,"15 agasata 1940 nūṃ mittara rāśaṭarāṃ ne dakkhaṇī pharāṃsa utte hamalā kītā, hamale nūṃ ""apareśana ḍraigona"" kihā giā.",A female speaker speaks clearly in Punjabi with a natural tone and moderate pace in a quiet environment.
/home/jupyter-koustav/fine_tuning/test_p/7028656752165445615.wav,"15 agasata 1940 nūṃ mittara rāśaṭarāṃ ne dakkhaṇī pharāṃsa utte hamalā kītā, hamale nūṃ ""apareśana ḍraigona"" kihā giā.",A female speaker speaks clearly in Punjabi with a natural tone and moderate pace in a quiet environment.
/home/jupyter-koustav/fine_tuning/test_p/14775360174412913709.wav,"15 agasata 1940 nūṃ mittara rāśaṭarāṃ ne dakkhaṇī pharāṃsa utte hamalā kītā, hamale nūṃ ""apareśana ḍraigona"" kihā giā.",A female speaker speaks clearly in Punjabi with a natural tone and moderate pace in a quiet environment.
/home/jupyter-koustav/fine_tuning/test_p/14842323786893743609.wav,"bāhara sathita ṭāpūāṃ ‘te saṃbhava taura ‘te karaiḍiṭa kāraḍa savīkāra nahīṃ hoṇage, hālāṃki briṭiśa ate saṃyukata rāja dī mudarā savīkāra kītī jā sakadī hai; iha patā karana laī mālaka nūṃ pahilāṃ hī puccha lavo ki uhanāṃ kola savīkārayoga bhugatāna vidhī kihar̤ī hai.",A female speaker speaks clearly in Punjabi with a natural tone and moderate pace in a quiet environment.
/home/jupyter-koustav/fine_tuning/test_p/17892724269550801638.wav,"bāhara sathita ṭāpūāṃ ‘te saṃbhava taura ‘te karaiḍiṭa kāraḍa savīkāra nahīṃ hoṇage, hālāṃki briṭiśa ate saṃyukata rāja dī mudarā savīkāra kītī jā sakadī hai; iha patā karana laī mālaka nūṃ pahilāṃ hī puccha lavo ki uhanāṃ kola savīkārayoga bhugatāna vidhī kihar̤ī hai.",A female speaker speaks clearly in Punjabi with a natural tone and moderate pace in a quiet environment.
/home/jupyter-koustav/fine_tuning/test_p/4594747378581512228.wav,"do bālaga bacciāṃ nāla viāha karana vāle ḍiūvaila ne usa milara 'te koī śāpa nahīṃ chaḍḍī, jisa nāla kahāṇī sabaṃdhita sī.",A female speaker speaks clearly in Punjabi with a natural tone and moderate pace in a quiet environment.
/home/jupyter-koustav/fine_tuning/test_p/12990952362587651917.wav,"do bālaga bacciāṃ nāla viāha karana vāle ḍiūvaila ne usa milara 'te koī śāpa nahīṃ chaḍḍī, jisa nāla kahāṇī sabaṃdhita sī.",A female speaker speaks clearly in Punjabi with a natural tone and moderate pace in a quiet environment.
/home/jupyter-koustav/fine_tuning/test_p/5306873212936485639.wav,"do bālaga bacciāṃ nāla viāha karana vāle ḍiūvaila ne usa milara 'te koī śāpa nahīṃ chaḍḍī, jisa nāla kahāṇī sabaṃdhita sī.",A female speaker speaks clearly in Punjabi with a natural tone and moderate pace in a quiet environment.
/home/jupyter-koustav/fine_tuning/test_p/9312354194959427281.wav,yūaisae jimanāsaṭikasa saṃyukata rāja olaṃpika dī kameṭī de pattara dā samarathana karadā hai ate sāḍe sāre khiḍārīāṃ laī ikka surakkhiata vātāvaraṇa nūṃ praphullata karaṇa laī ikka olaṃpika parivāra dī ḍhukkavīṃ jarūrata nūṃ savīkāra karadā hai.,A female speaker speaks clearly in Punjabi with a natural tone and moderate pace in a quiet environment.
/home/jupyter-koustav/fine_tuning/test_p/4902844184950490927.wav,yūaisae jimanāsaṭikasa saṃyukata rāja olaṃpika dī kameṭī de pattara dā samarathana karadā hai ate sāḍe sāre khiḍārīāṃ laī ikka surakkhiata vātāvaraṇa nūṃ praphullata karaṇa laī ikka olaṃpika parivāra dī ḍhukkavīṃ jarūrata nūṃ savīkāra karadā hai.,A female speaker speaks clearly in Punjabi with a natural tone and moderate pace in a quiet environment.
/home/jupyter-koustav/fine_tuning/test_p/4724399976196222984.wav,iha hādasā pahār̤ī ilākiāṃ vicca hoiā hai ate manniā jāṃdā hai ki iha duśamaṇī dī agga dā natījā hai.,A female speaker speaks clearly in Punjabi with a natural tone and moderate pace in a quiet environment.
/home/jupyter-koustav/fine_tuning/test_p/2543297407407509791.wav,iha hādasā pahār̤ī ilākiāṃ vicca hoiā hai ate manniā jāṃdā hai ki iha duśamaṇī dī agga dā natījā hai.,A female speaker speaks clearly in Punjabi with a natural tone and moderate pace in a quiet environment.
/home/jupyter-koustav/fine_tuning/test_p/8239921873738299385.wav,iha hādasā pahār̤ī ilākiāṃ vicca hoiā hai ate manniā jāṃdā hai ki iha duśamaṇī dī agga dā natījā hai.,A female speaker speaks clearly in Punjabi with a natural tone and moderate pace in a quiet environment.
/home/jupyter-koustav/fine_tuning/test_p/8946795916777233317.wav,maujūdā saineṭara ate arajanaṭīnā dī pharasaṭa leḍī krisaṭīnā pharanaiṃḍīza ḍe karacanara ne kalla śāma biūnasa āirasa toṃ 50 kilomīṭara (31 mīla) dūra sathita śahira “lā palātā” vicca āpaṇī rāśaṭarapatī ahude dī umīdavārī dā ailāna kītā.,A female speaker speaks clearly in Punjabi with a natural tone and moderate pace in a quiet environment.
/home/jupyter-koustav/fine_tuning/test_p/3690957188278934516.wav,kalla savere turakī de gāzīāṃṭaipa vikhe pulisa haiḍakuāṭara vicca hoe kāra baṃba dhamāke vicca do pulisa adhikārī māre gae ate vīha toṃ vaddha hora loka zakhamī ho gae.,A female speaker speaks clearly in Punjabi with a natural tone and moderate pace in a quiet environment.
/home/jupyter-koustav/fine_tuning/test_p/11284653618389604650.wav,"krāṃtīkārī jaṃga de daurāna, terāṃ rājāṃ ne mila ke ikka kamazora keṃdarī sarakāra baṇāī - jisa vicca mahāṃsaṃgha dīāṃ dhārāvāṃ de tahita - jisadā kāṃgarasa hī mukkha dhurā sī.",A female speaker speaks clearly in Punjabi with a natural tone and moderate pace in a quiet environment.
/home/jupyter-koustav/fine_tuning/test_p/4930531512845062105.wav,"krāṃtīkārī jaṃga de daurāna, terāṃ rājāṃ ne mila ke ikka kamazora keṃdarī sarakāra baṇāī - jisa vicca mahāṃsaṃgha dīāṃ dhārāvāṃ de tahita - jisadā kāṃgarasa hī mukkha dhurā sī.",A female speaker speaks clearly in Punjabi with a natural tone and moderate pace in a quiet environment.
/home/jupyter-koustav/fine_tuning/test_p/16014499836546766159.wav,iha khiḍārīāṃ nūṃ ḍivāīsa nūṃ havā rāhīṃ isa thāṃ toṃ dūjī thāṃ 'te lijā ke vīḍīo gemāṃ viccalīāṃ kiriāvāṃ ate harakatāṃ nūṃ niyaṃtarita karana dī āgiā devegā.,A female speaker speaks clearly in Punjabi with a natural tone and moderate pace in a quiet environment.
/home/jupyter-koustav/fine_tuning/test_p/16448290845973942565.wav,iha khiḍārīāṃ nūṃ ḍivāīsa nūṃ havā rāhīṃ isa thāṃ toṃ dūjī thāṃ 'te lijā ke vīḍīo gemāṃ viccalīāṃ kiriāvāṃ ate harakatāṃ nūṃ niyaṃtarita karana dī āgiā devegā.,A female speaker speaks clearly in Punjabi with a natural tone and moderate pace in a quiet environment.
/home/jupyter-koustav/fine_tuning/test_p/6511915243012918571.wav,"jekara tusīṃ kāravāī de ner̤e rahiṇā cāhuṃde ho, tāṃ tuhānūṃ saṃgīta de ner̤e ikka kaiṃpiṃga sāīṭa ‘te jaladī jāṇā pavegā.",A female speaker speaks clearly in Punjabi with a natural tone and moderate pace in a quiet environment.
/home/jupyter-koustav/fine_tuning/test_p/3015545781386318428.wav,"jekara tusīṃ kāravāī de ner̤e rahiṇā cāhuṃde ho, tāṃ tuhānūṃ saṃgīta de ner̤e ikka kaiṃpiṃga sāīṭa ‘te jaladī jāṇā pavegā.",A female speaker speaks clearly in Punjabi with a natural tone and moderate pace in a quiet environment.
/home/jupyter-koustav/fine_tuning/test_p/4557578003329004656.wav,"ziādātara choṭe ṭāpū sutaṃtara rāśaṭara hana, jāṃ pharāṃsa nāla jur̤e hana, ate ihanāṃ nūṃ lagazarī bīca rizoraṭasa vajoṃ jāṇiā jāṃdā hai.",A female speaker speaks clearly in Punjabi with a natural tone and moderate pace in a quiet environment.
/home/jupyter-koustav/fine_tuning/test_p/1418292508861602843.wav,vaiṭīkana śahira dī janasaṃkhiā lagapaga 800 hai. iha saṃsāra vicca sabhatoṃ ghaṭṭa vassoṃ vālā sabhatoṃ choṭā sutaṃtara deśa hai.,A female speaker speaks clearly in Punjabi with a natural tone and moderate pace in a quiet environment.
/home/jupyter-koustav/fine_tuning/test_p/17380074520002026778.wav,vaiṭīkana śahira dī janasaṃkhiā lagapaga 800 hai. iha saṃsāra vicca sabhatoṃ ghaṭṭa vassoṃ vālā sabhatoṃ choṭā sutaṃtara deśa hai.,A female speaker speaks clearly in Punjabi with a natural tone and moderate pace in a quiet environment.
/home/jupyter-koustav/fine_tuning/test_p/5322185063028755906.wav,vaiṭīkana śahira dī janasaṃkhiā lagapaga 800 hai. iha saṃsāra vicca sabhatoṃ ghaṭṭa vassoṃ vālā sabhatoṃ choṭā sutaṃtara deśa hai.,A female speaker speaks clearly in Punjabi with a natural tone and moderate pace in a quiet environment.
/home/jupyter-koustav/fine_tuning/test_p/7577354132152578278.wav,"1960 de dahāke daurāna, brejiṃsakī ne jauhana aipha. kaineḍī laī uhanāṃ de salāhakāra ate phira liṃḍana bī. jānnasana praśāsana de rūpa vicca kamma kītā.",A female speaker speaks clearly in Punjabi with a natural tone and moderate pace in a quiet environment.
/home/jupyter-koustav/fine_tuning/test_p/14769714496548305027.wav,"1960 de dahāke daurāna, brejiṃsakī ne jauhana aipha. kaineḍī laī uhanāṃ de salāhakāra ate phira liṃḍana bī. jānnasana praśāsana de rūpa vicca kamma kītā.",A female speaker speaks clearly in Punjabi with a natural tone and moderate pace in a quiet environment.
/home/jupyter-koustav/fine_tuning/test_p/7188159175463728873.wav,"tuhāḍe laī sī śabada sameta sāre nāṃva, hameśāṃ ikka vaḍḍe akkhara nāla śurū huṃde hana, bhāveṃ uha kise vāka de addha vicca hī kiuṃ nā hoṇa.",A female speaker speaks clearly in Punjabi with a natural tone and moderate pace in a quiet environment.
/home/jupyter-koustav/fine_tuning/test_p/8586209633797620199.wav,"perī ne kihā ki uha ""ajja rāta nūṃ guṭṭa de natījiāṃ nūṃ mulāṃkaṇa laī ṭaikasāsa vāpasa āuṇage, iha niradhārata karanage ki itthe isa daur̤a vicca khuda laī agge jāṇa laī rasatā hai jāṃ nahīṃ"" para bāada vicca uhanāṃ ne kihā ki uha daur̤a vicca ṭike rahiṇage ate 21 janavarī nūṃ dakkhaṇī kārolinā prāimarī vicca pūrā karanage.",A female speaker speaks clearly in Punjabi with a natural tone and moderate pace in a quiet environment.
/home/jupyter-koustav/fine_tuning/test_p/15286032362599436262.wav,"perī ne kihā ki uha ""ajja rāta nūṃ guṭṭa de natījiāṃ nūṃ mulāṃkaṇa laī ṭaikasāsa vāpasa āuṇage, iha niradhārata karanage ki itthe isa daur̤a vicca khuda laī agge jāṇa laī rasatā hai jāṃ nahīṃ"" para bāada vicca uhanāṃ ne kihā ki uha daur̤a vicca ṭike rahiṇage ate 21 janavarī nūṃ dakkhaṇī kārolinā prāimarī vicca pūrā karanage.",A female speaker speaks clearly in Punjabi with a natural tone and moderate pace in a quiet environment.
/home/jupyter-koustav/fine_tuning/test_p/8319320862151921962.wav,"viśeśa rūpa vicca, iha dāavā kītā jāṃdā hai ki koī ṭhīka ṭhīka sūkhama abhiviakatīāṃ dī viākhiā nāla iha patā lagā sakadā hai ki ika viakatī jhūṭha bola rihā hai.",A female speaker speaks clearly in Punjabi with a natural tone and moderate pace in a quiet environment.
/home/jupyter-koustav/fine_tuning/test_p/6994518194684141533.wav,"bacciāṃ nūṃ phosaṭara keara vicca kaī kāranāṃ karake rakkhiā jāṃdā hai jinhāṃ vicca aṇagahilī, duravihāra ate itthoṃ takka ki jabaradasatī luṭṭa varage kārana vī śāmala huṃde hana.",A female speaker speaks clearly in Punjabi with a natural tone and moderate pace in a quiet environment.
/home/jupyter-koustav/fine_tuning/test_p/11382418937847332386.wav,"leṭana ne pradhānamaṃtarī de nāla mulākāta daurāna kaṃzaraveṭiva duārā vātāvaraṇa billa vicca badalāa karana laī kihā, uhanāṃ ne kaṃzaraveṭiva pāraṭī de vātāvaraṇa billa nūṃ “caṃgī tarhāṃ ate saṃpūrana rūpa vicca dubārā likhaṇa” laī kihā.",A female speaker speaks clearly in Punjabi with a natural tone and moderate pace in a quiet environment.
/home/jupyter-koustav/fine_tuning/test_p/14300412829252435531.wav,"leṭana ne pradhānamaṃtarī de nāla mulākāta daurāna kaṃzaraveṭiva duārā vātāvaraṇa billa vicca badalāa karana laī kihā, uhanāṃ ne kaṃzaraveṭiva pāraṭī de vātāvaraṇa billa nūṃ “caṃgī tarhāṃ ate saṃpūrana rūpa vicca dubārā likhaṇa” laī kihā.",A female speaker speaks clearly in Punjabi with a natural tone and moderate pace in a quiet environment.
/home/jupyter-koustav/fine_tuning/test_p/10299518583069804409.wav,"leṭana ne pradhānamaṃtarī de nāla mulākāta daurāna kaṃzaraveṭiva duārā vātāvaraṇa billa vicca badalāa karana laī kihā, uhanāṃ ne kaṃzaraveṭiva pāraṭī de vātāvaraṇa billa nūṃ “caṃgī tarhāṃ ate saṃpūrana rūpa vicca dubārā likhaṇa” laī kihā.",A female speaker speaks clearly in Punjabi with a natural tone and moderate pace in a quiet environment.
/home/jupyter-koustav/fine_tuning/test_p/3892213842331389360.wav,"ḍela paiṭaro nūṃ dūje saiṭṭa pahilā phāidā hoiā, para 6-6 'te pahuṃcaṇa toṃ bāada ikka ṭāī breka dī bahuta lor̤a sī.",A female speaker speaks clearly in Punjabi with a natural tone and moderate pace in a quiet environment.
/home/jupyter-koustav/fine_tuning/test_p/15962182675608092866.wav,"ḍela paiṭaro nūṃ dūje saiṭṭa pahilā phāidā hoiā, para 6-6 'te pahuṃcaṇa toṃ bāada ikka ṭāī breka dī bahuta lor̤a sī.",A female speaker speaks clearly in Punjabi with a natural tone and moderate pace in a quiet environment.
/home/jupyter-koustav/fine_tuning/test_p/4414113890302482880.wav,"khetarī ate mausamī gaṃbhīra mausama vicca balizaraḍa, baraphīlī havāvāṃ, baraphīle tūphāna ate dhūr̤a de tūphāna śāmala hana.",A female speaker speaks clearly in Punjabi with a natural tone and moderate pace in a quiet environment.
/home/jupyter-koustav/fine_tuning/test_p/12237871363707276322.wav,"khetarī ate mausamī gaṃbhīra mausama vicca balizaraḍa, baraphīlī havāvāṃ, baraphīle tūphāna ate dhūr̤a de tūphāna śāmala hana.",A female speaker speaks clearly in Punjabi with a natural tone and moderate pace in a quiet environment.
/home/jupyter-koustav/fine_tuning/test_p/6664899240817708033.wav,ho sakadā hai iha jor̤e uhanāṃ de bacce nūṃ goda laiṇa saṃbaṃdhī yojanā baṇāuṇa nūṃ cuṇana.,A female speaker speaks clearly in Punjabi with a natural tone and moderate pace in a quiet environment.
/home/jupyter-koustav/fine_tuning/test_p/12654607868946171068.wav,ho sakadā hai iha jor̤e uhanāṃ de bacce nūṃ goda laiṇa saṃbaṃdhī yojanā baṇāuṇa nūṃ cuṇana.,A female speaker speaks clearly in Punjabi with a natural tone and moderate pace in a quiet environment.
/home/jupyter-koustav/fine_tuning/test_p/15523044289245610911.wav,ho sakadā hai iha jor̤e uhanāṃ de bacce nūṃ goda laiṇa saṃbaṃdhī yojanā baṇāuṇa nūṃ cuṇana.,A female speaker speaks clearly in Punjabi with a natural tone and moderate pace in a quiet environment.
/home/jupyter-koustav/fine_tuning/test_p/13517675879487921599.wav,ajihī koī viāpaka paribhāśā nahīṃ hai jisa laī niramāṇita vasatuāṃ prācīna hana. kujha ṭaikasa ejaṃsīāṃ 100 sāla toṃ vaddha purāṇīāṃ vasatūāṃ nūṃ prācīna vasatūāṃ vajoṃ paribhāśata karadīāṃ hana.,A female speaker speaks clearly in Punjabi with a natural tone and moderate pace in a quiet environment.
/home/jupyter-koustav/fine_tuning/test_p/14053119734866110583.wav,"balauga vidiārathī dī likhāī sudhārana vicca vī madada kara sakade hana. bhāveṃ vidiārathī akasara āpaṇe balauga anubhava nūṃ betaratībe viākarana ate śabada-jor̤a nāla śurū karade hana, daraśakāṃ dī maujūdagī āma taura ‘te ihanāṃ nūṃ badala diṃdī hai.",A female speaker speaks clearly in Punjabi with a natural tone and moderate pace in a quiet environment.
/home/jupyter-koustav/fine_tuning/test_p/11199773158033037271.wav,"jadoṃ sāre mauzūda sarota kise saṃgaṭhana de kārajātamaka vibhāgāṃ vicca prabhāvī rūpa nāla varate jāṃde hana, tāṃ racanātamakatā ate pravīṇatā zāhara huṃdī hai.",A female speaker speaks clearly in Punjabi with a natural tone and moderate pace in a quiet environment.
/home/jupyter-koustav/fine_tuning/test_p/17219608325754052612.wav,"sūcanāvāṃ mutābaka usadī umara 20 sāla dassī jā rahī sī. ikka biāna vicca, bībara ne kihā, ""maiṃ isa dukhadāī hādase vicca maujūda nahīṃ sī ate nā hī siddhe taura ‘te śāmala sī, pīr̤ata de parivāra nāla merī hamadaradī ate prārathanāvāṃ hana.""",A female speaker speaks clearly in Punjabi with a natural tone and moderate pace in a quiet environment.
/home/jupyter-koustav/fine_tuning/test_p/15409347695657087233.wav,"misara dī vailī āfa da ḍaiḍḍa aṃdara maujūda gīzā palaiṭo, jāṃ “gīzā nekaropolisa” vicca kaī pirāmiḍa (jinhāṃ viccoṃ mahāna pirāmiḍa sabha toṃ vaḍḍā hai), kaī choṭe makabare, kaī maṃdara, ate mahāna saphiṃkasa maujūda hana.",A female speaker speaks clearly in Punjabi with a natural tone and moderate pace in a quiet environment.
/home/jupyter-koustav/fine_tuning/test_p/5524258323889070223.wav,brahimaṃḍa vicca hara cīza padāratha dī baṇī hai. sārī dhāṃta choṭe-choṭe kaṇāṃ nāla baṇī huṃdī hai jisa nūṃ paramāṇū kihā jāṃdā hai.,A female speaker speaks clearly in Punjabi with a natural tone and moderate pace in a quiet environment.
/home/jupyter-koustav/fine_tuning/test_p/1600399114096494076.wav,brahimaṃḍa vicca hara cīza padāratha dī baṇī hai. sārī dhāṃta choṭe-choṭe kaṇāṃ nāla baṇī huṃdī hai jisa nūṃ paramāṇū kihā jāṃdā hai.,A female speaker speaks clearly in Punjabi with a natural tone and moderate pace in a quiet environment.
/home/jupyter-koustav/fine_tuning/test_p/17404486450828694468.wav,brahimaṃḍa vicca hara cīza padāratha dī baṇī hai. sārī dhāṃta choṭe-choṭe kaṇāṃ nāla baṇī huṃdī hai jisa nūṃ paramāṇū kihā jāṃdā hai.,A female speaker speaks clearly in Punjabi with a natural tone and moderate pace in a quiet environment.
/home/jupyter-koustav/fine_tuning/test_p/3180848998474953557.wav,"1988 toṃ, bailaṭa bakase pāradaraśī hoṇe cāhīde hana tāṃ jo voṭara ate nirīkhaka dekha sakaṇa ki coṇāṃ dī śurūāta vele bakasiāṃ vicca koī lifāfe maujūda nahīṃ hana ate vidhīvata giṇīāṃ gaīāṃ ate adhikārata voṭarāṃ toṃ ilāvā koī hora lifāfe śāmala nahīṃ kīte gae.",A female speaker speaks clearly in Punjabi with a natural tone and moderate pace in a quiet environment.
/home/jupyter-koustav/fine_tuning/test_p/10885358364536290027.wav,"itthe aje vī bahuta sāre ādamī ate auratāṃ jiuṃde hana jo usa sameṃ bacca gae, ate bahuta sāre yahūdī ate gaira-yahūdī hana jinhāṃ de azīzāṃ dā katala kītā giā sī jāṃ mauta dī sazā dittī gaī sī.",A female speaker speaks clearly in Punjabi with a natural tone and moderate pace in a quiet environment.
/home/jupyter-koustav/fine_tuning/test_p/2932903231209754775.wav,"itthe aje vī bahuta sāre ādamī ate auratāṃ jiuṃde hana jo usa sameṃ bacca gae, ate bahuta sāre yahūdī ate gaira-yahūdī hana jinhāṃ de azīzāṃ dā katala kītā giā sī jāṃ mauta dī sazā dittī gaī sī.",A female speaker speaks clearly in Punjabi with a natural tone and moderate pace in a quiet environment.
/home/jupyter-koustav/fine_tuning/test_p/2735870124172824072.wav,ho sakadā hai jaṃgalī bacciāṃ ne chaḍḍe jāṇa jāṃ bhajjaṇa toṃ pahilāṃ atiaṃta sośaṇa jāṃ sadamiāṃ nūṃ baradāśata kītā hove.,A female speaker speaks clearly in Punjabi with a natural tone and moderate pace in a quiet environment.
/home/jupyter-koustav/fine_tuning/test_p/5226968203276673551.wav,ho sakadā hai jaṃgalī bacciāṃ ne chaḍḍe jāṇa jāṃ bhajjaṇa toṃ pahilāṃ atiaṃta sośaṇa jāṃ sadamiāṃ nūṃ baradāśata kītā hove.,A female speaker speaks clearly in Punjabi with a natural tone and moderate pace in a quiet environment.
/home/jupyter-koustav/fine_tuning/test_p/985968337956103155.wav,ho sakadā hai jaṃgalī bacciāṃ ne chaḍḍe jāṇa jāṃ bhajjaṇa toṃ pahilāṃ atiaṃta sośaṇa jāṃ sadamiāṃ nūṃ baradāśata kītā hove.,A female speaker speaks clearly in Punjabi with a natural tone and moderate pace in a quiet environment.
/home/jupyter-koustav/fine_tuning/test_p/2457457943621010032.wav,mahilāvāṃ: iha sifāraśa kītī jāṃdī hai ki je koī vī mahilā yātarī āpaṇī asala vivāhita sathitī dī pravāha kīte iha kahe ki uha vivāhita hai.,A female speaker speaks clearly in Punjabi with a natural tone and moderate pace in a quiet environment.
/home/jupyter-koustav/fine_tuning/test_p/16020830822234032603.wav,mahilāvāṃ: iha sifāraśa kītī jāṃdī hai ki je koī vī mahilā yātarī āpaṇī asala vivāhita sathitī dī pravāha kīte iha kahe ki uha vivāhita hai.,A female speaker speaks clearly in Punjabi with a natural tone and moderate pace in a quiet environment.
/home/jupyter-koustav/fine_tuning/test_p/13285188138706466896.wav,"isa laī, iha saṃbhāvanā hai ki saṃketa lipī nūṃ kise lebala de rūpa vicca śāmala kītā giā.",A female speaker speaks clearly in Punjabi with a natural tone and moderate pace in a quiet environment.
/home/jupyter-koustav/fine_tuning/test_p/2163062300083570611.wav,"isa laī, iha saṃbhāvanā hai ki saṃketa lipī nūṃ kise lebala de rūpa vicca śāmala kītā giā.",A female speaker speaks clearly in Punjabi with a natural tone and moderate pace in a quiet environment.
/home/jupyter-koustav/fine_tuning/test_p/10190844180610990943.wav,"thrī kiṃgaḍamaza prācīna cīna de itihāsa de sabha toṃ k͟hūnī yuggāṃ viccoṃ ikka sī, hazārāṃ loka śīāna de śānadāra mahila dī sabha toṃ ucce tak͟hata 'te baiṭhaṇa laī lar̤ade hoe māre gae.",A female speaker speaks clearly in Punjabi with a natural tone and moderate pace in a quiet environment.
/home/jupyter-koustav/fine_tuning/test_p/2012355589692324574.wav,"hasapatāla ne inafaikaśana de niyaṃtrana laī proṭokola dā pālaṇa kītā hai, jisa vicca marīza nūṃ bākīāṃ toṃ alagga karanā vī śāmala hai tāṃki dūjiāṃ nūṃ inafaikaśana toṃ bacāiā jā sake.",A female speaker speaks clearly in Punjabi with a natural tone and moderate pace in a quiet environment.
/home/jupyter-koustav/fine_tuning/test_p/6618661428909664636.wav,"hasapatāla ne inafaikaśana de niyaṃtrana laī proṭokola dā pālaṇa kītā hai, jisa vicca marīza nūṃ bākīāṃ toṃ alagga karanā vī śāmala hai tāṃki dūjiāṃ nūṃ inafaikaśana toṃ bacāiā jā sake.",A female speaker speaks clearly in Punjabi with a natural tone and moderate pace in a quiet environment.
/home/jupyter-koustav/fine_tuning/test_p/12912566837581835775.wav,haitīana iṃsaṭīciūṭa phāra jasaṭisa aiṃḍa ḍaimokaresī ne sutaṃtara adhiaināṃ dā havālā dittā hai jo iha sujhāa diṃde hana ki nepālī saṃyukata rāśaṭara dī śāṃtī rakkhiaka baṭālīana ne agiāta rūpa vicca haitī dī bimārī liāṃdī.,A female speaker speaks clearly in Punjabi with a natural tone and moderate pace in a quiet environment.
/home/jupyter-koustav/fine_tuning/test_p/11729037174117394998.wav,haitīana iṃsaṭīciūṭa phāra jasaṭisa aiṃḍa ḍaimokaresī ne sutaṃtara adhiaināṃ dā havālā dittā hai jo iha sujhāa diṃde hana ki nepālī saṃyukata rāśaṭara dī śāṃtī rakkhiaka baṭālīana ne agiāta rūpa vicca haitī dī bimārī liāṃdī.,A female speaker speaks clearly in Punjabi with a natural tone and moderate pace in a quiet environment.
/home/jupyter-koustav/fine_tuning/test_p/4590113018738545748.wav,"sainikāṃ de āuṇa toṃ pahilāṃ, 1800 de dahāke takka haitī nūṃ bimārī saṃbaṃdhī samassiāvāṃ dā sāhamaṇā nahīṃ karanā piā sī.",A female speaker speaks clearly in Punjabi with a natural tone and moderate pace in a quiet environment.
/home/jupyter-koustav/fine_tuning/test_p/4064071917631196602.wav,"sainikāṃ de āuṇa toṃ pahilāṃ, 1800 de dahāke takka haitī nūṃ bimārī saṃbaṃdhī samassiāvāṃ dā sāhamaṇā nahīṃ karanā piā sī.",A female speaker speaks clearly in Punjabi with a natural tone and moderate pace in a quiet environment.
/home/jupyter-koustav/fine_tuning/test_p/3078015822294982117.wav,"sainikāṃ de āuṇa toṃ pahilāṃ, 1800 de dahāke takka haitī nūṃ bimārī saṃbaṃdhī samassiāvāṃ dā sāhamaṇā nahīṃ karanā piā sī.",A female speaker speaks clearly in Punjabi with a natural tone and moderate pace in a quiet environment.
/home/jupyter-koustav/fine_tuning/test_p/10566995150329725336.wav,ḍaṃḍī dī yūnīvarasiṭī dī prophaisara pāmelā faragasana likhadī hai “je pattarakāra saṃdigadha viakatīāṃ dīāṃ foṭoāṃ prakāśita karade hana tāṃ iha manna laiṇā cāhīdā hai ki uha āpaṇī jāna nūṃ khataranāka rāha ‘te calla rahe hana.”,A female speaker speaks clearly in Punjabi with a natural tone and moderate pace in a quiet environment.
/home/jupyter-koustav/fine_tuning/test_p/7178832039918946082.wav,hara koī susāiṭī vicca hissā laiṃdā hai ate āvājāī sisaṭama nūṃ varatadā hai. lagabhaga hara koī āvājāī sisaṭamāṃ bāre śikāitāṃ karadā hai.,A female speaker speaks clearly in Punjabi with a natural tone and moderate pace in a quiet environment.
/home/jupyter-koustav/fine_tuning/test_p/11597644365106449097.wav,hara koī susāiṭī vicca hissā laiṃdā hai ate āvājāī sisaṭama nūṃ varatadā hai. lagabhaga hara koī āvājāī sisaṭamāṃ bāre śikāitāṃ karadā hai.,A female speaker speaks clearly in Punjabi with a natural tone and moderate pace in a quiet environment.
/home/jupyter-koustav/fine_tuning/test_p/5218020355038411750.wav,"pahilī galla, ziādātara savāra savārī karana vāle būṭa pāuṃde hana, jinhāṃ vicca hīla ate ikka paddharā, taṃga talā huṃdā hai.",A female speaker speaks clearly in Punjabi with a natural tone and moderate pace in a quiet environment.
/home/jupyter-koustav/fine_tuning/test_p/12052882111788925392.wav,"pahilī galla, ziādātara savāra savārī karana vāle būṭa pāuṃde hana, jinhāṃ vicca hīla ate ikka paddharā, taṃga talā huṃdā hai.",A female speaker speaks clearly in Punjabi with a natural tone and moderate pace in a quiet environment.
/home/jupyter-koustav/fine_tuning/test_p/2663591622701839174.wav,"pahilī galla, ziādātara savāra savārī karana vāle būṭa pāuṃde hana, jinhāṃ vicca hīla ate ikka paddharā, taṃga talā huṃdā hai.",A female speaker speaks clearly in Punjabi with a natural tone and moderate pace in a quiet environment.
/home/jupyter-koustav/fine_tuning/test_p/6902198361854200475.wav,"para, kapatāna dī vikaṭa gavāuṇa toṃ bāada pārī de aṃta takka 7 vikaṭāṃ gavā ke bhārata ne sirafa 36 daur̤āṃ baṇāīāṃ.",A female speaker speaks clearly in Punjabi with a natural tone and moderate pace in a quiet environment.
/home/jupyter-koustav/fine_tuning/test_p/3864542721881748610.wav,"para, kapatāna dī vikaṭa gavāuṇa toṃ bāada pārī de aṃta takka 7 vikaṭāṃ gavā ke bhārata ne sirafa 36 daur̤āṃ baṇāīāṃ.",A female speaker speaks clearly in Punjabi with a natural tone and moderate pace in a quiet environment.
/home/jupyter-koustav/fine_tuning/test_p/5138726424172547004.wav,uttarī mairīanasa aimarajaṃsī prabaṃdhana dafatara ne kihā ki deśa vicca kise vī tarhāṃ de nukasāna dī koī khabara nahīṃ milī hai.,A female speaker speaks clearly in Punjabi with a natural tone and moderate pace in a quiet environment.
/home/jupyter-koustav/fine_tuning/test_p/7608433055251217180.wav,uttarī mairīanasa aimarajaṃsī prabaṃdhana dafatara ne kihā ki deśa vicca kise vī tarhāṃ de nukasāna dī koī khabara nahīṃ milī hai.,A female speaker speaks clearly in Punjabi with a natural tone and moderate pace in a quiet environment.
/home/jupyter-koustav/fine_tuning/test_p/16144407644334132917.wav,uttarī mairīanasa aimarajaṃsī prabaṃdhana dafatara ne kihā ki deśa vicca kise vī tarhāṃ de nukasāna dī koī khabara nahīṃ milī hai.,A female speaker speaks clearly in Punjabi with a natural tone and moderate pace in a quiet environment.
/home/jupyter-koustav/fine_tuning/test_p/16712462666824838100.wav,"uha kaī deśāṃ laī baiṃka noṭāṃ nūṃ ukerana vicca laggiā hoiā sī, hāla hī vicca naveṃ kaineḍīana $5 ate $100 de billāṃ nūṃ tiāra karana utte pradhāna maṃtarī de cittarāṃ sahita usade kamma dī navīṃ udāharana hai.",A female speaker speaks clearly in Punjabi with a natural tone and moderate pace in a quiet environment.
/home/jupyter-koustav/fine_tuning/test_p/8295925432710361262.wav,"isa toṃ ilāvā uttara vicca leḍī fātimā (mazāra) de dharama sathāna 'te vī jāo, jo ki saṃsāra bhara vicca maśahūra marīā dī chāiā dā sathāna hai.",A female speaker speaks clearly in Punjabi with a natural tone and moderate pace in a quiet environment.
/home/jupyter-koustav/fine_tuning/test_p/1960026337692185844.wav,hasapatāla vicca kamma karana daurāna āpaṇe khālī sameṃ vicca liginasa ne sameṃ toṃ pahilāṃ hoṇa vāle jaṇepe bāre jāṃca karanī śurū kara dittī.,A female speaker speaks clearly in Punjabi with a natural tone and moderate pace in a quiet environment.
/home/jupyter-koustav/fine_tuning/test_p/14682639324079541549.wav,hasapatāla vicca kamma karana daurāna āpaṇe khālī sameṃ vicca liginasa ne sameṃ toṃ pahilāṃ hoṇa vāle jaṇepe bāre jāṃca karanī śurū kara dittī.,A female speaker speaks clearly in Punjabi with a natural tone and moderate pace in a quiet environment.
/home/jupyter-koustav/fine_tuning/test_p/11926775859352232514.wav,hasapatāla vicca kamma karana daurāna āpaṇe khālī sameṃ vicca liginasa ne sameṃ toṃ pahilāṃ hoṇa vāle jaṇepe bāre jāṃca karanī śurū kara dittī.,A female speaker speaks clearly in Punjabi with a natural tone and moderate pace in a quiet environment.
/home/jupyter-koustav/fine_tuning/test_p/3157439094528602836.wav,thāṃ-thāṃ 'te paṭarīāṃ nūṃ jakar̤ana laī krāsaṭīāṃ nūṃ kāfī pahilāṃ peśa kītā giā sī. haulī-haulī iha mahisūsa kītā giā ki jekara ṭraikāṃ de sikhara 'te lohe dī ikka saṭrippa huṃdī tāṃ iha vadhere kuśala hoṇage.,A female speaker speaks clearly in Punjabi with a natural tone and moderate pace in a quiet environment.
/home/jupyter-koustav/fine_tuning/test_p/11364496239467805153.wav,"bassāṃ sārā dina aṃtara-jilhā basa saṭeśana (nadī pāra) toṃ caladīāṃ hana, hālāṃki ziādātara, viśe karake jo pūraba valla jāṇa vālīāṃ ate jakara/būmathāṃga toṃ 06:30 ate 07:30 vicakāra caladīāṃ hana.",A female speaker speaks clearly in Punjabi with a natural tone and moderate pace in a quiet environment.
/home/jupyter-koustav/fine_tuning/test_p/17962426175786903778.wav,"bassāṃ sārā dina aṃtara-jilhā basa saṭeśana (nadī pāra) toṃ caladīāṃ hana, hālāṃki ziādātara, viśe karake jo pūraba valla jāṇa vālīāṃ ate jakara/būmathāṃga toṃ 06:30 ate 07:30 vicakāra caladīāṃ hana.",A female speaker speaks clearly in Punjabi with a natural tone and moderate pace in a quiet environment.
/home/jupyter-koustav/fine_tuning/test_p/17218084921094367852.wav,rimoṭa ḍāṭā ate āvāzī lor̤āṃ de nāla-nāla palaizara-krāphaṭa sameta sevā nūṃ āma taura 'te śipiṃga valloṃ varatiā jāṃdā hai.,A female speaker speaks clearly in Punjabi with a natural tone and moderate pace in a quiet environment.
/home/jupyter-koustav/fine_tuning/test_p/918627397442779131.wav,rimoṭa ḍāṭā ate āvāzī lor̤āṃ de nāla-nāla palaizara-krāphaṭa sameta sevā nūṃ āma taura 'te śipiṃga valloṃ varatiā jāṃdā hai.,A female speaker speaks clearly in Punjabi with a natural tone and moderate pace in a quiet environment.
/home/jupyter-koustav/fine_tuning/test_p/11596118127721978229.wav,"lar̤āī chir̤ana sāra hī, baratānīā ne jaramanī dī jahāzī nākābaṃdī śurū kara dittī.",A female speaker speaks clearly in Punjabi with a natural tone and moderate pace in a quiet environment.
/home/jupyter-koustav/fine_tuning/test_p/18216285004366098217.wav,"tibbatī maiḍīṭeśana dā mukkha keṃdara hai ḍiaṭī yogā. vakkho vakkharīāṃ īśavara dīāṃ mūratīāṃ de driśaṭīgata citarana rāhīṃ ūrajā de māragāṃ nūṃ sāfa kītā jāṃdā hai, cakkarāṃ nūṃ kiriāśīla kītā jāṃdā hai ate giāna cetanatā sirajī jāṃdī hai.",A female speaker speaks clearly in Punjabi with a natural tone and moderate pace in a quiet environment.
/home/jupyter-koustav/fine_tuning/test_p/9403614957715900779.wav,"tibbatī maiḍīṭeśana dā mukkha keṃdara hai ḍiaṭī yogā. vakkho vakkharīāṃ īśavara dīāṃ mūratīāṃ de driśaṭīgata citarana rāhīṃ ūrajā de māragāṃ nūṃ sāfa kītā jāṃdā hai, cakkarāṃ nūṃ kiriāśīla kītā jāṃdā hai ate giāna cetanatā sirajī jāṃdī hai.",A female speaker speaks clearly in Punjabi with a natural tone and moderate pace in a quiet environment.
/home/jupyter-koustav/fine_tuning/test_p/5334332973970134164.wav,"iha yāda rakkho ki bhāveṃ mukkha par̤āvāṃ 'te saṃgīta khatama ho jāve, phira vī tiuhāra diāṃ kujjha hissiāṃ vicca dera rāta takka saṃgīta vajāuṇā jārī rahi sakadā hai.",A female speaker speaks clearly in Punjabi with a natural tone and moderate pace in a quiet environment.
/home/jupyter-koustav/fine_tuning/test_p/7292826059115529693.wav,"natīje vajoṃ, pradaraśanakārī saṭeja ‘te hī haśīśa pīṃde hana, ate thīeṭara āpa hī daraśakāṃ nūṃ isa sabha vicca śāmala hoṇa laī prerita kara rihā hai.",A female speaker speaks clearly in Punjabi with a natural tone and moderate pace in a quiet environment.
/home/jupyter-koustav/fine_tuning/test_p/7047873860070719984.wav,"natīje vajoṃ, pradaraśanakārī saṭeja ‘te hī haśīśa pīṃde hana, ate thīeṭara āpa hī daraśakāṃ nūṃ isa sabha vicca śāmala hoṇa laī prerita kara rihā hai.",A female speaker speaks clearly in Punjabi with a natural tone and moderate pace in a quiet environment.
/home/jupyter-koustav/fine_tuning/test_p/11966727113471648900.wav,"jāpāna dī paramāṇū ejaṃsī de anusāra, palāṃṭa vicca reḍīo aikaṭiva sīzīama ate āioḍīna dī pachāṇa kītī jā cukkī hai.",A female speaker speaks clearly in Punjabi with a natural tone and moderate pace in a quiet environment.
/home/jupyter-koustav/fine_tuning/test_p/12114939228700003765.wav,"jāpāna dī paramāṇū ejaṃsī de anusāra, palāṃṭa vicca reḍīo aikaṭiva sīzīama ate āioḍīna dī pachāṇa kītī jā cukkī hai.",A female speaker speaks clearly in Punjabi with a natural tone and moderate pace in a quiet environment.
/home/jupyter-koustav/fine_tuning/test_p/11334880023632074814.wav,regisatāna dī reta kārana 1990 vicca isanūṃ k͟hataranāka viśava virāsata thāvāṃ dī sūcī vicca jor̤iā giā hai.,A female speaker speaks clearly in Punjabi with a natural tone and moderate pace in a quiet environment.
/home/jupyter-koustav/fine_tuning/test_p/8510465168518235277.wav,regisatāna dī reta kārana 1990 vicca isanūṃ k͟hataranāka viśava virāsata thāvāṃ dī sūcī vicca jor̤iā giā hai.,A female speaker speaks clearly in Punjabi with a natural tone and moderate pace in a quiet environment.
/home/jupyter-koustav/fine_tuning/test_p/16014388010833854802.wav,regisatāna dī reta kārana 1990 vicca isanūṃ k͟hataranāka viśava virāsata thāvāṃ dī sūcī vicca jor̤iā giā hai.,A female speaker speaks clearly in Punjabi with a natural tone and moderate pace in a quiet environment.
/home/jupyter-koustav/fine_tuning/test_p/2584922827593634072.wav,dīpa-samūha ate jhīlāṃ vicca tuhānūṃ ika kiśatī dī lāzamī zarūrata nahīṃ hai.,A female speaker speaks clearly in Punjabi with a natural tone and moderate pace in a quiet environment.
/home/jupyter-koustav/fine_tuning/test_p/17927163274641732927.wav,dīpa-samūha ate jhīlāṃ vicca tuhānūṃ ika kiśatī dī lāzamī zarūrata nahīṃ hai.,A female speaker speaks clearly in Punjabi with a natural tone and moderate pace in a quiet environment.
/home/jupyter-koustav/fine_tuning/test_p/8405352873078777307.wav,hāṃga kāṃga ṭāpū hāṃga kāṃga de ilāke nūṃ āpaṇā nāma diṃdā hai ate iha uhī sathāna hai jisanūṃ bahuta sāre ṭūrisaṭa mukkha ākaraśaṇa vajoṃ dekhade hana.,A female speaker speaks clearly in Punjabi with a natural tone and moderate pace in a quiet environment.
/home/jupyter-koustav/fine_tuning/test_p/779746552648032858.wav,hāṃga kāṃga ṭāpū hāṃga kāṃga de ilāke nūṃ āpaṇā nāma diṃdā hai ate iha uhī sathāna hai jisanūṃ bahuta sāre ṭūrisaṭa mukkha ākaraśaṇa vajoṃ dekhade hana.,A female speaker speaks clearly in Punjabi with a natural tone and moderate pace in a quiet environment.
/home/jupyter-koustav/fine_tuning/test_p/2135066820216474141.wav,"āpīā samoā dī rājadhānī hai. iha śahira upolū ṭāpū ‘te sathita hai ate isadī ābādī 40,000 toṃ vī ghaṭṭa hai.",A female speaker speaks clearly in Punjabi with a natural tone and moderate pace in a quiet environment.
/home/jupyter-koustav/fine_tuning/test_p/5149509128373105622.wav,"āpīā samoā dī rājadhānī hai. iha śahira upolū ṭāpū ‘te sathita hai ate isadī ābādī 40,000 toṃ vī ghaṭṭa hai.",A female speaker speaks clearly in Punjabi with a natural tone and moderate pace in a quiet environment.
/home/jupyter-koustav/fine_tuning/test_p/6371800680152877474.wav,"tanāa jinnhāṃ ghaṭṭa hovegā, jīvana śakatī ziādā sakārātamaka hovegī. hareka viakatī kola pūrana śāṃtī ate saṃtokha khojaṇa dī samaratthā hai.",A female speaker speaks clearly in Punjabi with a natural tone and moderate pace in a quiet environment.
/home/jupyter-koustav/fine_tuning/test_p/6339033527819783175.wav,"tanāa jinnhāṃ ghaṭṭa hovegā, jīvana śakatī ziādā sakārātamaka hovegī. hareka viakatī kola pūrana śāṃtī ate saṃtokha khojaṇa dī samaratthā hai.",A female speaker speaks clearly in Punjabi with a natural tone and moderate pace in a quiet environment.
/home/jupyter-koustav/fine_tuning/test_p/10877453942744898412.wav,maikā de uttarī pahār̤āṃ viccoṃ ikka pahār̤a de sik͟hara ‘te sathita guphā pūrī tarhāṃ bākī dunīā toṃ alagga hai.,A female speaker speaks clearly in Punjabi with a natural tone and moderate pace in a quiet environment.
/home/jupyter-koustav/fine_tuning/test_p/14676299700514575272.wav,maikā de uttarī pahār̤āṃ viccoṃ ikka pahār̤a de sik͟hara ‘te sathita guphā pūrī tarhāṃ bākī dunīā toṃ alagga hai.,A female speaker speaks clearly in Punjabi with a natural tone and moderate pace in a quiet environment.
/home/jupyter-koustav/fine_tuning/test_p/12224307012240532312.wav,lakkhā siṃgha ne chappaṇa bhoga bhajana vī peśa kītā hai. gāika rājū khaṃḍevāla ne uhanāṃ nāla saṃgata kītī sī.,A female speaker speaks clearly in Punjabi with a natural tone and moderate pace in a quiet environment.
/home/jupyter-koustav/fine_tuning/test_p/16973197545793408004.wav,lakkhā siṃgha ne chappaṇa bhoga bhajana vī peśa kītā hai. gāika rājū khaṃḍevāla ne uhanāṃ nāla saṃgata kītī sī.,A female speaker speaks clearly in Punjabi with a natural tone and moderate pace in a quiet environment.
/home/jupyter-koustav/fine_tuning/test_p/7894092637973818311.wav,lakkhā siṃgha ne chappaṇa bhoga bhajana vī peśa kītā hai. gāika rājū khaṃḍevāla ne uhanāṃ nāla saṃgata kītī sī.,A female speaker speaks clearly in Punjabi with a natural tone and moderate pace in a quiet environment.
/home/jupyter-koustav/fine_tuning/test_p/14558943784467386051.wav,"balaugiṃga ikka ajihā sādhana hai jo sahiyoga dī preraṇā diṃdā hai, ate vidiārathīāṃ nūṃ ravāitī sakūlī dina toṃ ilāvā sikhalāī vicca vādhe laī utaśāhata karadā hai.",A female speaker speaks clearly in Punjabi with a natural tone and moderate pace in a quiet environment.
/home/jupyter-koustav/fine_tuning/test_p/7553378644362390368.wav,"balaugiṃga ikka ajihā sādhana hai jo sahiyoga dī preraṇā diṃdā hai, ate vidiārathīāṃ nūṃ ravāitī sakūlī dina toṃ ilāvā sikhalāī vicca vādhe laī utaśāhata karadā hai.",A female speaker speaks clearly in Punjabi with a natural tone and moderate pace in a quiet environment.
/home/jupyter-koustav/fine_tuning/test_p/145904855202690577.wav,"oṭāvā kaineḍā dī manamohaka, dubhāśī rājadhānī hai ate itthe kalā dīāṃ kaī gailarīāṃ ate ajāiba ghara maujūda hana jo ki kaineḍā de atīta ate varatamāna nūṃ peśa karade hai.",A female speaker speaks clearly in Punjabi with a natural tone and moderate pace in a quiet environment.
/home/jupyter-koustav/fine_tuning/test_p/5495266536572742145.wav,"oṭāvā kaineḍā dī manamohaka, dubhāśī rājadhānī hai ate itthe kalā dīāṃ kaī gailarīāṃ ate ajāiba ghara maujūda hana jo ki kaineḍā de atīta ate varatamāna nūṃ peśa karade hai.",A female speaker speaks clearly in Punjabi with a natural tone and moderate pace in a quiet environment.
/home/jupyter-koustav/fine_tuning/test_p/7771450486188603535.wav,ho sakadā hai ki loka iha aṃdāzā nā lagā sakaṇa ki ghara parataṇa vāle sailānīāṃ laī vī sabara ate samajha zarūrī hai.,A female speaker speaks clearly in Punjabi with a natural tone and moderate pace in a quiet environment.
/home/jupyter-koustav/fine_tuning/test_p/5533934357961279757.wav,ho sakadā hai ki loka iha aṃdāzā nā lagā sakaṇa ki ghara parataṇa vāle sailānīāṃ laī vī sabara ate samajha zarūrī hai.,A female speaker speaks clearly in Punjabi with a natural tone and moderate pace in a quiet environment.
/home/jupyter-koustav/fine_tuning/test_p/4810154226343607523.wav,"buddhavāra de ivaiṃṭa to ilāvā, kārapanīḍo ne caiṃpīanaśipāṃ aṃdara do viakatīgata daur̤āṃ vicca bhāga littā.",A female speaker speaks clearly in Punjabi with a natural tone and moderate pace in a quiet environment.
/home/jupyter-koustav/fine_tuning/test_p/17952762225258466302.wav,"2002 vicca gomā nūṃ nāirāgaṃgo javālāmukhī toṃ lāvā duārā naśaṭa kara dittā giā sī, jisane śahira dīāṃ ziādātara sar̤akāṃ, viśeśa rūpa nāla śahira de keṃdara nūṃ dafana kara dittā.",A female speaker speaks clearly in Punjabi with a natural tone and moderate pace in a quiet environment.
/home/jupyter-koustav/fine_tuning/test_p/11340999169252059567.wav,"2002 vicca gomā nūṃ nāirāgaṃgo javālāmukhī toṃ lāvā duārā naśaṭa kara dittā giā sī, jisane śahira dīāṃ ziādātara sar̤akāṃ, viśeśa rūpa nāla śahira de keṃdara nūṃ dafana kara dittā.",A female speaker speaks clearly in Punjabi with a natural tone and moderate pace in a quiet environment.
/home/jupyter-koustav/fine_tuning/test_p/13761990896177100025.wav,"purāṇe sabbhiācāra ate kabīliāṃ ne duddha, bāla, māsa, ate camar̤e takka āsānī nāla pahuṃca laī uhanāṃ nūṃ pālaṇā śurū kara dittā.",A female speaker speaks clearly in Punjabi with a natural tone and moderate pace in a quiet environment.
/home/jupyter-koustav/fine_tuning/test_p/3518751620890127505.wav,"purāṇe sabbhiācāra ate kabīliāṃ ne duddha, bāla, māsa, ate camar̤e takka āsānī nāla pahuṃca laī uhanāṃ nūṃ pālaṇā śurū kara dittā.",A female speaker speaks clearly in Punjabi with a natural tone and moderate pace in a quiet environment.
/home/jupyter-koustav/fine_tuning/test_p/11961880897724389154.wav,naikasaṭajaina ikka ajihā sisaṭama hai jisa nāla aipha.e.e. de dāaviāṃ mutābaka havāī jahāza choṭe rūṭāṃ ‘te uḍḍa sakaṇage ate hara sāla tela de lakkhāṃ gailana bacā sakaṇage ate kārabana dī nikāsī nūṃ ghaṭṭa kara sakaṇage.,A female speaker speaks clearly in Punjabi with a natural tone and moderate pace in a quiet environment.
/home/jupyter-koustav/fine_tuning/test_p/14936317408288121329.wav,naikasaṭajaina ikka ajihā sisaṭama hai jisa nāla aipha.e.e. de dāaviāṃ mutābaka havāī jahāza choṭe rūṭāṃ ‘te uḍḍa sakaṇage ate hara sāla tela de lakkhāṃ gailana bacā sakaṇage ate kārabana dī nikāsī nūṃ ghaṭṭa kara sakaṇage.,A female speaker speaks clearly in Punjabi with a natural tone and moderate pace in a quiet environment.
/home/jupyter-koustav/fine_tuning/test_p/16554093371345386241.wav,"śera dā māṇa, bher̤īe ate kuttiāṃ de jhuṃḍāṃ, vivāhara vicca śera varage (dūjīāṃ vaḍḍīāṃ billīāṃ nahīṃ) hora jānavarāṃ, ate uha jānavara jo āpaṇe śikāra laī bahuta ghātaka hana, de jhuṃḍāṃ dī tarhāṃ kamma karadā hai.",A female speaker speaks clearly in Punjabi with a natural tone and moderate pace in a quiet environment.
/home/jupyter-koustav/fine_tuning/test_p/4119634164693785504.wav,iha davīpa-samūha paininasulā de 120 kilomīṭara uttara vicca sathita hai. ihanāṃ vicoṃ sabha toṃ vaḍḍā kiṃga jāraja āīlaiṃḍa hai jitthe vilā lāsa aisaṭarelāsa sathita hai.,A female speaker speaks clearly in Punjabi with a natural tone and moderate pace in a quiet environment.
/home/jupyter-koustav/fine_tuning/test_p/11528533523706360172.wav,iha davīpa-samūha paininasulā de 120 kilomīṭara uttara vicca sathita hai. ihanāṃ vicoṃ sabha toṃ vaḍḍā kiṃga jāraja āīlaiṃḍa hai jitthe vilā lāsa aisaṭarelāsa sathita hai.,A female speaker speaks clearly in Punjabi with a natural tone and moderate pace in a quiet environment.
/home/jupyter-koustav/fine_tuning/test_p/16425860913982479732.wav,"brena paitholājī ate vivahāra vicalā āpasī saṃbaṃdha, vigiānīāṃ dā uhanāṃ dī khoja vicca samarathana karadā hai.",A female speaker speaks clearly in Punjabi with a natural tone and moderate pace in a quiet environment.
/home/jupyter-koustav/fine_tuning/test_p/4631408275117126562.wav,"brena paitholājī ate vivahāra vicalā āpasī saṃbaṃdha, vigiānīāṃ dā uhanāṃ dī khoja vicca samarathana karadā hai.",A female speaker speaks clearly in Punjabi with a natural tone and moderate pace in a quiet environment.
/home/jupyter-koustav/fine_tuning/test_p/1975071677570177122.wav,53 sālā kuomo ne isa sāla de śurū vicca gavaranara de rūpa vicca śurūāta kītī sī ate pichale mahīne samaliṃgī viāha nūṃ kānūnnī taura 'te 'maṃjūrī deṇa vāle bila hasatākhara kīte sana.,A female speaker speaks clearly in Punjabi with a natural tone and moderate pace in a quiet environment.
/home/jupyter-koustav/fine_tuning/test_p/13348525723472815782.wav,"kamiśana, māraṭailī dā viśava bhara vicca śāsana k͟hilāfa phaile virodhāṃ laī ikka javāba sī jo akatūbara vicca śurū hoiā.",A female speaker speaks clearly in Punjabi with a natural tone and moderate pace in a quiet environment.
/home/jupyter-koustav/fine_tuning/test_p/2073238421701737583.wav,"kamiśana, māraṭailī dā viśava bhara vicca śāsana k͟hilāfa phaile virodhāṃ laī ikka javāba sī jo akatūbara vicca śurū hoiā.",A female speaker speaks clearly in Punjabi with a natural tone and moderate pace in a quiet environment.
/home/jupyter-koustav/fine_tuning/test_p/7453523228295091931.wav,"kamiśana, māraṭailī dā viśava bhara vicca śāsana k͟hilāfa phaile virodhāṃ laī ikka javāba sī jo akatūbara vicca śurū hoiā.",A female speaker speaks clearly in Punjabi with a natural tone and moderate pace in a quiet environment.
/home/jupyter-koustav/fine_tuning/test_p/15220919210231146569.wav,pulisa suparaḍaiṃṭa caṃdara śekhara solaṃkī ne kihā ki mulazama ḍhake hoe cihariāṃ nāla adālata vicca peśa hoe.,A female speaker speaks clearly in Punjabi with a natural tone and moderate pace in a quiet environment.
/home/jupyter-koustav/fine_tuning/test_p/9075305798322442418.wav,pulisa suparaḍaiṃṭa caṃdara śekhara solaṃkī ne kihā ki mulazama ḍhake hoe cihariāṃ nāla adālata vicca peśa hoe.,A female speaker speaks clearly in Punjabi with a natural tone and moderate pace in a quiet environment.
/home/jupyter-koustav/fine_tuning/test_p/10627448081222658585.wav,para itthe paṃchīāṃ bāre bahuta sārīāṃ ajihīāṃ cīzāṃ hana jo hāle vī ḍāināsaura dī tarhāṃ dikhāī diṃdīāṃ hana.,A female speaker speaks clearly in Punjabi with a natural tone and moderate pace in a quiet environment.
/home/jupyter-koustav/fine_tuning/test_p/10824949113746069255.wav,para itthe paṃchīāṃ bāre bahuta sārīāṃ ajihīāṃ cīzāṃ hana jo hāle vī ḍāināsaura dī tarhāṃ dikhāī diṃdīāṃ hana.,A female speaker speaks clearly in Punjabi with a natural tone and moderate pace in a quiet environment.
/home/jupyter-koustav/fine_tuning/test_p/11750204283640661454.wav,para itthe paṃchīāṃ bāre bahuta sārīāṃ ajihīāṃ cīzāṃ hana jo hāle vī ḍāināsaura dī tarhāṃ dikhāī diṃdīāṃ hana.,A female speaker speaks clearly in Punjabi with a natural tone and moderate pace in a quiet environment.
/home/jupyter-koustav/fine_tuning/test_p/12309702802373982664.wav,"bolaṇa dī lor̤a nahīṃ, je tuhānūṃ piāra dī bhāśā āuṃdī hai, tāṃ tuhāḍe laī puratagālī bolī sikkhaṇā āsāna hovegā.",A female speaker speaks clearly in Punjabi with a natural tone and moderate pace in a quiet environment.
/home/jupyter-koustav/fine_tuning/test_p/17556915476714763434.wav,hāīḍrojana āina proṭona huṃde hana jisane āpaṇe ilaikaṭrānāṃ nūṃ āpaṇe toṃ vakkha kara dittā huṃdā hai (kiuṃki hāīḍrojana paramāṇūāṃ vicca ikka proṭona ate ikka ilaikaṭrona huṃdā hai).,A female speaker speaks clearly in Punjabi with a natural tone and moderate pace in a quiet environment.
/home/jupyter-koustav/fine_tuning/test_p/16028746688218247964.wav,kujjha paramāṇūāṃ vica asathira niūkalīāī huṃdā hai jisadā aratha hai ki uha binhā kise halacala jāṃ māmūlī halacala nāla bhaṃga ho sakade hana.,A female speaker speaks clearly in Punjabi with a natural tone and moderate pace in a quiet environment.
/home/jupyter-koustav/fine_tuning/test_p/492737904679906627.wav,kujjha paramāṇūāṃ vica asathira niūkalīāī huṃdā hai jisadā aratha hai ki uha binhā kise halacala jāṃ māmūlī halacala nāla bhaṃga ho sakade hana.,A female speaker speaks clearly in Punjabi with a natural tone and moderate pace in a quiet environment.
/home/jupyter-koustav/fine_tuning/test_p/7370783432586496255.wav,"sārīāṃ cīzāṃ vicāradiāṃ, sānūṃ hairāna nahīṃ hoṇā cāhīdā jekara sāḍī purakhāṃ ne āpaṇī ""proṭīna samassiā"" nūṃ use tarīke nāla halla kītā sī jisa tarhāṃ savānā utte ajja ciṃpāzī karade hana.",A female speaker speaks clearly in Punjabi with a natural tone and moderate pace in a quiet environment.
/home/jupyter-koustav/fine_tuning/test_p/16632849468569493308.wav,"sārīāṃ cīzāṃ vicāradiāṃ, sānūṃ hairāna nahīṃ hoṇā cāhīdā jekara sāḍī purakhāṃ ne āpaṇī ""proṭīna samassiā"" nūṃ use tarīke nāla halla kītā sī jisa tarhāṃ savānā utte ajja ciṃpāzī karade hana.",A female speaker speaks clearly in Punjabi with a natural tone and moderate pace in a quiet environment.
/home/jupyter-koustav/fine_tuning/test_p/15471650047078833669.wav,"sārīāṃ cīzāṃ vicāradiāṃ, sānūṃ hairāna nahīṃ hoṇā cāhīdā jekara sāḍī purakhāṃ ne āpaṇī ""proṭīna samassiā"" nūṃ use tarīke nāla halla kītā sī jisa tarhāṃ savānā utte ajja ciṃpāzī karade hana.",A female speaker speaks clearly in Punjabi with a natural tone and moderate pace in a quiet environment.
/home/jupyter-koustav/fine_tuning/test_p/6723330656951304676.wav,uha āpaṇe darada nūṃ dūra karana laī davāīāṃ nūṃ laiṇa vicca asamarattha hai kiuṃki usa nūṃ kheḍāṃ laī pratībaṃdhita kītā giā hai.,A female speaker speaks clearly in Punjabi with a natural tone and moderate pace in a quiet environment.
/home/jupyter-koustav/fine_tuning/test_p/6999697339976496399.wav,dharatī dī nadīāṃ rāhīṃ samuṃdarāṃ vicca pāe gae pāṇīṃ dā 20 pratīśata pāṇī amezana toṃ āuṃdā hai.,A female speaker speaks clearly in Punjabi with a natural tone and moderate pace in a quiet environment.
/home/jupyter-koustav/fine_tuning/test_p/5674314929538856167.wav,dharatī dī nadīāṃ rāhīṃ samuṃdarāṃ vicca pāe gae pāṇīṃ dā 20 pratīśata pāṇī amezana toṃ āuṃdā hai.,A female speaker speaks clearly in Punjabi with a natural tone and moderate pace in a quiet environment.
/home/jupyter-koustav/fine_tuning/test_p/10459744930075935112.wav,dharatī dī nadīāṃ rāhīṃ samuṃdarāṃ vicca pāe gae pāṇīṃ dā 20 pratīśata pāṇī amezana toṃ āuṃdā hai.,A female speaker speaks clearly in Punjabi with a natural tone and moderate pace in a quiet environment.
/home/jupyter-koustav/fine_tuning/test_p/14485323393576780394.wav,"garīnalaiṃḍa viralā-viralā vasāiā giā sī. norasa gāthāvāṃ anusāra airika da raiḍḍa nūṃ katala de ilajāma vicca āīsalaiṃḍa toṃ kaḍḍha dittā giā sī, dakkhaṇa de dūra-durāḍe de khetarāṃ vicca usanūṃ harī-bharī thāṃ labbhī jisanūṃ garīnalaiṃḍa nāma dittā giā.",A female speaker speaks clearly in Punjabi with a natural tone and moderate pace in a quiet environment.
/home/jupyter-koustav/fine_tuning/test_p/7066899309141215642.wav,kailīphoranīā de rājapāla aranolaḍa śavārazanegara ne ikka kānūnnī billa 'te dasatakhata kīte jo nābāligāṃ nūṃ hiṃsaka vīḍīo gemaza dī vikarī jāṃ kirāe 'te laiṇa ‘te pābaṃdī lagāuṃdā hai.,A female speaker speaks clearly in Punjabi with a natural tone and moderate pace in a quiet environment.
/home/jupyter-koustav/fine_tuning/test_p/3060358187337387476.wav,kailīphoranīā de rājapāla aranolaḍa śavārazanegara ne ikka kānūnnī billa 'te dasatakhata kīte jo nābāligāṃ nūṃ hiṃsaka vīḍīo gemaza dī vikarī jāṃ kirāe 'te laiṇa ‘te pābaṃdī lagāuṃdā hai.,A female speaker speaks clearly in Punjabi with a natural tone and moderate pace in a quiet environment.
/home/jupyter-koustav/fine_tuning/test_p/5202441116661218218.wav,kailīphoranīā de rājapāla aranolaḍa śavārazanegara ne ikka kānūnnī billa 'te dasatakhata kīte jo nābāligāṃ nūṃ hiṃsaka vīḍīo gemaza dī vikarī jāṃ kirāe 'te laiṇa ‘te pābaṃdī lagāuṃdā hai.,A female speaker speaks clearly in Punjabi with a natural tone and moderate pace in a quiet environment.
/home/jupyter-koustav/fine_tuning/test_p/7887244805000022729.wav,uttara toṃ dūra sathita vaḍḍe khetara kāfī ghaṭṭa ābādī vāle hana ate kujjha khetara lagabhaga ujār̤a jaṃgala hana.,A female speaker speaks clearly in Punjabi with a natural tone and moderate pace in a quiet environment.
/home/jupyter-koustav/fine_tuning/test_p/8552942115379600797.wav,uttara toṃ dūra sathita vaḍḍe khetara kāfī ghaṭṭa ābādī vāle hana ate kujjha khetara lagabhaga ujār̤a jaṃgala hana.,A female speaker speaks clearly in Punjabi with a natural tone and moderate pace in a quiet environment.
/home/jupyter-koustav/fine_tuning/test_p/7376787944119805320.wav,hāṃga kāṃga sakāīlāīna dī sirajanā karana vālīāṃ imāratāṃ dī pareḍa nūṃ ikka ikka camakadāra bāra cāraṭa nāla jor̤iā giā hai jo vikaṭorīā hārabara diāṃ pāṇīāṃ dī maujūdagī duārā sapaśśaṭa huṃdā hai.,A female speaker speaks clearly in Punjabi with a natural tone and moderate pace in a quiet environment.
/home/jupyter-koustav/fine_tuning/test_p/16663615638142362511.wav,"1966 toṃ suṃdarabaṃṇa vaṇajīva abhiāraṇa baṇa giā hai ate iha anumāna lagāiā jāṃdā hai ki isa vicca huṇa 400 rauila baṃgāla ṭāīgara ate lagabhaga 30,000 dhabbedāra hirana maujūda hana.",A female speaker speaks clearly in Punjabi with a natural tone and moderate pace in a quiet environment.
/home/jupyter-koustav/fine_tuning/test_p/10399226870377942780.wav,"1966 toṃ suṃdarabaṃṇa vaṇajīva abhiāraṇa baṇa giā hai ate iha anumāna lagāiā jāṃdā hai ki isa vicca huṇa 400 rauila baṃgāla ṭāīgara ate lagabhaga 30,000 dhabbedāra hirana maujūda hana.",A female speaker speaks clearly in Punjabi with a natural tone and moderate pace in a quiet environment.
/home/jupyter-koustav/fine_tuning/test_p/7974762748769515192.wav,maujūda lokāṃ dī tādāda innī vaḍḍī sī ki seṃṭa pīṭaraza sakaveara vicca aṃtama saṃsakāra takka pahuṃcaṇā hara ikka viakatī laī saṃbhava nahīṃ sī.,A female speaker speaks clearly in Punjabi with a natural tone and moderate pace in a quiet environment.
/home/jupyter-koustav/fine_tuning/test_p/6576431523033600663.wav,maujūda lokāṃ dī tādāda innī vaḍḍī sī ki seṃṭa pīṭaraza sakaveara vicca aṃtama saṃsakāra takka pahuṃcaṇā hara ikka viakatī laī saṃbhava nahīṃ sī.,A female speaker speaks clearly in Punjabi with a natural tone and moderate pace in a quiet environment.
/home/jupyter-koustav/fine_tuning/test_p/7652250379620606406.wav,maujūda lokāṃ dī tādāda innī vaḍḍī sī ki seṃṭa pīṭaraza sakaveara vicca aṃtama saṃsakāra takka pahuṃcaṇā hara ikka viakatī laī saṃbhava nahīṃ sī.,A female speaker speaks clearly in Punjabi with a natural tone and moderate pace in a quiet environment.
/home/jupyter-koustav/fine_tuning/test_p/13522782548532050979.wav,"iha ṭhīka jāpadā hai, kiuṃki dharatī te isa tarhāṃ mahisūsa nahīṃ huṃdā iha callī jā rahī hai, kī iha isa tarhāṃ hī huṃdā hai?",A female speaker speaks clearly in Punjabi with a natural tone and moderate pace in a quiet environment.
/home/jupyter-koustav/fine_tuning/test_p/4805091272288016.wav,"uha surakkhiata tairākī de nāla lagabhaga sāre retale samuṃdarī kaṃḍhe hana, bahutiāṃ nūṃ pohuṭukāvā de rukkhāṃ duārā chāṃ pradāna kītī gaī hai.",A female speaker speaks clearly in Punjabi with a natural tone and moderate pace in a quiet environment.
/home/jupyter-koustav/fine_tuning/test_p/562678497278801831.wav,"sirafa jarama-lāīna kośikāvāṃ vicca tabadīlīāṃ bacciāṃ takka pahuṃca sakadīāṃ hana, jada ki kite hora tabadīlīāṃ nāla kośikāvāṃ dī mauta jāṃ kaiṃsara ho sakadā hai.",A female speaker speaks clearly in Punjabi with a natural tone and moderate pace in a quiet environment.
/home/jupyter-koustav/fine_tuning/test_p/889472905439163013.wav,"karī jar̤ī-būṭīāṃ ate masāliāṃ ‘te ādhārita ikka pakavāna hai, jisa vicca māsa jāṃ sabajīāṃ śāmala huṃdīāṃ hana.",A female speaker speaks clearly in Punjabi with a natural tone and moderate pace in a quiet environment.
/home/jupyter-koustav/fine_tuning/test_p/9775622999654889531.wav,"karī jar̤ī-būṭīāṃ ate masāliāṃ ‘te ādhārita ikka pakavāna hai, jisa vicca māsa jāṃ sabajīāṃ śāmala huṃdīāṃ hana.",A female speaker speaks clearly in Punjabi with a natural tone and moderate pace in a quiet environment.
/home/jupyter-koustav/fine_tuning/test_p/16038778963633946171.wav,"ihī uha sathāna hai jisa uppara briṭiśa basatīvādīāṃ ne āpaṇā kabazā kara liā sī ate isalaī jekara tusīṃ isa ilāke de basatīvādī itihāsa de sabūta khoja rahe ho, tāṃ śurūāta karana laī iha ikka uttama jag_hā hai.",A female speaker speaks clearly in Punjabi with a natural tone and moderate pace in a quiet environment.
/home/jupyter-koustav/fine_tuning/test_p/3335514476518084085.wav,"isade laṃbe jabār̤e vicca 70 toṃ ziādā atiaṃta tikkhe daṃda, isade mūṃha de chappara vicca ikka vādhū saiṭa de nāla jar̤e hoe sana, jisadā matalaba sī ki isade vicoṃ pāra jāṇa vālī koī vī cīza baca nahīṃ sakadī sī.",A female speaker speaks clearly in Punjabi with a natural tone and moderate pace in a quiet environment.
/home/jupyter-koustav/fine_tuning/test_p/9031771981545255923.wav,"isade laṃbe jabār̤e vicca 70 toṃ ziādā atiaṃta tikkhe daṃda, isade mūṃha de chappara vicca ikka vādhū saiṭa de nāla jar̤e hoe sana, jisadā matalaba sī ki isade vicoṃ pāra jāṇa vālī koī vī cīza baca nahīṃ sakadī sī.",A female speaker speaks clearly in Punjabi with a natural tone and moderate pace in a quiet environment.
/home/jupyter-koustav/fine_tuning/test_p/1050252144181565242.wav,"prāīḍaza ika toṃ tinna saṃbaṃdhita bālaga viākatīāṃ, nāla hī tīha toṃ vaddha auratāṃ ate kabasa de baṇe huṃde hana.",A female speaker speaks clearly in Punjabi with a natural tone and moderate pace in a quiet environment.
/home/jupyter-koustav/fine_tuning/test_p/692368161403257504.wav,"prāīḍaza ika toṃ tinna saṃbaṃdhita bālaga viākatīāṃ, nāla hī tīha toṃ vaddha auratāṃ ate kabasa de baṇe huṃde hana.",A female speaker speaks clearly in Punjabi with a natural tone and moderate pace in a quiet environment.
/home/jupyter-koustav/fine_tuning/test_p/18137799987922001558.wav,"unhāṃ dī anuśāsita rakkhiā, geṃda saṃbhālaṇa dī kauśalatā ate sreśaṭha ṭīma kāraja ne unhāṃ nūṃ bāhara khar̤hā kara dittā ate iha sapaśaṭa sī ki iha ṭīma nūṃ harā deṇā sī.",A female speaker speaks clearly in Punjabi with a natural tone and moderate pace in a quiet environment.
/home/jupyter-koustav/fine_tuning/test_p/13493793741563014689.wav,"unhāṃ dī anuśāsita rakkhiā, geṃda saṃbhālaṇa dī kauśalatā ate sreśaṭha ṭīma kāraja ne unhāṃ nūṃ bāhara khar̤hā kara dittā ate iha sapaśaṭa sī ki iha ṭīma nūṃ harā deṇā sī.",A female speaker speaks clearly in Punjabi with a natural tone and moderate pace in a quiet environment.
/home/jupyter-koustav/fine_tuning/test_p/7500347802112897665.wav,tusīṃ gomā vicca iddhara-uddhara jāṇa laī boḍā-boḍā (moṭarasāīkala ṭaikasī) dā sahārā lai sakade ho. choṭī yātarā laī sadhāraṇa (sathānaka) kīmata ~500 koṃgolīza phraiṃka hai.,A female speaker speaks clearly in Punjabi with a natural tone and moderate pace in a quiet environment.
/home/jupyter-koustav/fine_tuning/test_p/4586274511945551155.wav,tusīṃ gomā vicca iddhara-uddhara jāṇa laī boḍā-boḍā (moṭarasāīkala ṭaikasī) dā sahārā lai sakade ho. choṭī yātarā laī sadhāraṇa (sathānaka) kīmata ~500 koṃgolīza phraiṃka hai.,A female speaker speaks clearly in Punjabi with a natural tone and moderate pace in a quiet environment.
/home/jupyter-koustav/fine_tuning/test_p/1981558425284264075.wav,tusīṃ gomā vicca iddhara-uddhara jāṇa laī boḍā-boḍā (moṭarasāīkala ṭaikasī) dā sahārā lai sakade ho. choṭī yātarā laī sadhāraṇa (sathānaka) kīmata ~500 koṃgolīza phraiṃka hai.,A female speaker speaks clearly in Punjabi with a natural tone and moderate pace in a quiet environment.
/home/jupyter-koustav/fine_tuning/test_p/1017212797150914463.wav,ikka paramāṇū baṃba isa sidhāṃta 'te kamma karadā hai ki iha kaī proṭona ate niuṭarāna nūṃ ikka keṃdara biṃdū vicca ikaṭṭhe rakkhaṇa laī ūrajā laiṃdā hai.,A female speaker speaks clearly in Punjabi with a natural tone and moderate pace in a quiet environment.
/home/jupyter-koustav/fine_tuning/test_p/8200038150807203589.wav,"koī vī sunāmī cetāvanī jārī nahīṃ kītī gaī hai, ate jakāraṭā bhū-bhautikī ejaiṃsī de anusāra, koī vī sunāmī cetāvanī jārī nahīṃ kītī jāvegī kiuṃki bhucāla 6.5 tībaratā dī zarūrata nūṃ pūrā nahīṃ karadā hai.",A female speaker speaks clearly in Punjabi with a natural tone and moderate pace in a quiet environment.
/home/jupyter-koustav/fine_tuning/test_p/1566446378896922943.wav,"koī vī sunāmī cetāvanī jārī nahīṃ kītī gaī hai, ate jakāraṭā bhū-bhautikī ejaiṃsī de anusāra, koī vī sunāmī cetāvanī jārī nahīṃ kītī jāvegī kiuṃki bhucāla 6.5 tībaratā dī zarūrata nūṃ pūrā nahīṃ karadā hai.",A female speaker speaks clearly in Punjabi with a natural tone and moderate pace in a quiet environment.
/home/jupyter-koustav/fine_tuning/test_p/4344253690502323131.wav,punara-niramāṇa yatanāṃ dī udāracitta ālocanā ne vāśiṃgaṭana de giāta aṃdarūnī sūtarāṃ laī punara-niramāṇa ikarārāṃ dā faisalā laiṇa 'te dhiāna keṃdarita kītā.,A female speaker speaks clearly in Punjabi with a natural tone and moderate pace in a quiet environment.
/home/jupyter-koustav/fine_tuning/test_p/7106569596484986802.wav,"jiādā kārāṃ dī kharīda kārana sar̤akāṃ ‘te duraghaṭanāvāṃ dī giṇatī vī vaddha huṃdī hai, jisa kārana sihata dekhabhāla de khetara vicca nukasāne gae sarīrāṃ de ilāja laī navīāṃ takanīkāṃ dī kāḍha kaḍḍhī jāṃdī hai.",A female speaker speaks clearly in Punjabi with a natural tone and moderate pace in a quiet environment.
/home/jupyter-koustav/fine_tuning/test_p/9790004874671912335.wav,rājapāla de dafatara ne kihā ki zakhamīāṃ vicoṃ 19 pulisa adhikārī sana.,A female speaker speaks clearly in Punjabi with a natural tone and moderate pace in a quiet environment.
/home/jupyter-koustav/fine_tuning/test_p/18432333683623950889.wav,rājapāla de dafatara ne kihā ki zakhamīāṃ vicoṃ 19 pulisa adhikārī sana.,A female speaker speaks clearly in Punjabi with a natural tone and moderate pace in a quiet environment.
/home/jupyter-koustav/fine_tuning/test_p/15163069826444030933.wav,bhārī ṭaikasa lagāuṇa vāle deśāṃ vicca sailānī kaī vāra viśeśa taura ‘te śarāba ate taṃbākū varagiāṃ utapādāṃ ‘te vaḍḍī mātarā vicca paise dī baccata kara sakade hana.,A female speaker speaks clearly in Punjabi with a natural tone and moderate pace in a quiet environment.
/home/jupyter-koustav/fine_tuning/test_p/17312328986275004367.wav,bhārī ṭaikasa lagāuṇa vāle deśāṃ vicca sailānī kaī vāra viśeśa taura ‘te śarāba ate taṃbākū varagiāṃ utapādāṃ ‘te vaḍḍī mātarā vicca paise dī baccata kara sakade hana.,A female speaker speaks clearly in Punjabi with a natural tone and moderate pace in a quiet environment.
/home/jupyter-koustav/fine_tuning/test_p/8571657452207080351.wav,"tufāna kaiṭarīnā de bāada rāhata ate punata niramāṇa 'te kharaca karana dā jhagar̤ā bahisa vicca badala giā; jisadā kujha rūr̤hīvādīāṃ ne ""buśa dī navīṃ oranīlaza ḍīla"" kahi ke majāka uḍāiā.""",A female speaker speaks clearly in Punjabi with a natural tone and moderate pace in a quiet environment.
/home/jupyter-koustav/fine_tuning/test_p/16239739537029367213.wav,"tufāna kaiṭarīnā de bāada rāhata ate punata niramāṇa 'te kharaca karana dā jhagar̤ā bahisa vicca badala giā; jisadā kujha rūr̤hīvādīāṃ ne ""buśa dī navīṃ oranīlaza ḍīla"" kahi ke majāka uḍāiā.""",A female speaker speaks clearly in Punjabi with a natural tone and moderate pace in a quiet environment.
/home/jupyter-koustav/fine_tuning/test_p/5792512045529814778.wav,sirafa tāṃ hī koī hairāna ho sakadā hai jadoṃ kujha navāṃ āvegā tāṃ kīboraḍa kī hovegā.,A female speaker speaks clearly in Punjabi with a natural tone and moderate pace in a quiet environment.
/home/jupyter-koustav/fine_tuning/test_p/9600951933069247938.wav,sirafa tāṃ hī koī hairāna ho sakadā hai jadoṃ kujha navāṃ āvegā tāṃ kīboraḍa kī hovegā.,A female speaker speaks clearly in Punjabi with a natural tone and moderate pace in a quiet environment.
/home/jupyter-koustav/fine_tuning/test_p/13091624567703848936.wav,iha darasāuṃdā hai ki mukkha viśe laī sabha toṃ mahattavapūrana sathāna rekhāvāṃ dī kāṭa ‘te hai jihar̤ā imeja nūṃ tīsare hisse ‘te khar̤haveṃ ate leṭaveṃ rūpa vicca vaṃḍadā hai (udāharana dekho).,A female speaker speaks clearly in Punjabi with a natural tone and moderate pace in a quiet environment.
/home/jupyter-koustav/fine_tuning/test_p/7923403785126776296.wav,iha darasāuṃdā hai ki mukkha viśe laī sabha toṃ mahattavapūrana sathāna rekhāvāṃ dī kāṭa ‘te hai jihar̤ā imeja nūṃ tīsare hisse ‘te khar̤haveṃ ate leṭaveṃ rūpa vicca vaṃḍadā hai (udāharana dekho).,A female speaker speaks clearly in Punjabi with a natural tone and moderate pace in a quiet environment.
/home/jupyter-koustav/fine_tuning/test_p/12388533225579978743.wav,"ikka bagghī vicca, rājā ate rāṇī de viruddha cīka-cihār̤a ate dhamakīāṃ diṃde lokāṃ dī bhīr̤a nāla ghire hoe uha pairisa vāpasa gae.",A female speaker speaks clearly in Punjabi with a natural tone and moderate pace in a quiet environment.
/home/jupyter-koustav/fine_tuning/test_p/15529462159141398930.wav,"ikka bagghī vicca, rājā ate rāṇī de viruddha cīka-cihār̤a ate dhamakīāṃ diṃde lokāṃ dī bhīr̤a nāla ghire hoe uha pairisa vāpasa gae.",A female speaker speaks clearly in Punjabi with a natural tone and moderate pace in a quiet environment.
/home/jupyter-koustav/fine_tuning/test_p/17545285232910402076.wav,"ikka bagghī vicca, rājā ate rāṇī de viruddha cīka-cihār̤a ate dhamakīāṃ diṃde lokāṃ dī bhīr̤a nāla ghire hoe uha pairisa vāpasa gae.",A female speaker speaks clearly in Punjabi with a natural tone and moderate pace in a quiet environment.
/home/jupyter-koustav/fine_tuning/test_p/12114613285732656671.wav,"mosāsaurasa āpaṇe sameṃ dā saravotama śikārī sī, isa laī uha hora mosāsaurasa toṃ ilāvā kise dā vī ḍara nahīṃ sī.",A female speaker speaks clearly in Punjabi with a natural tone and moderate pace in a quiet environment.
/home/jupyter-koustav/fine_tuning/test_p/5102839095078513225.wav,"mosāsaurasa āpaṇe sameṃ dā saravotama śikārī sī, isa laī uha hora mosāsaurasa toṃ ilāvā kise dā vī ḍara nahīṃ sī.",A female speaker speaks clearly in Punjabi with a natural tone and moderate pace in a quiet environment.
/home/jupyter-koustav/fine_tuning/test_p/2743634148734983819.wav,"udāharana laī, hara sāla uttarī kairolīnā vicale bainaṭa sakūla de vidiārathī āpaṇī rāja dī rājadhānī dī yātarā bāre ikka vaibbasāīṭa baṇāuṃde hana, hara sāla vaibbasāīṭa nūṃ mur̤a-taratība dittī jāṃdī hai, para purāṇe saṃsakaraṇāṃ nūṃ ikka sakraipabuka vajoṃ varataṇa laī ānalāīna rakkhiā jāṃdā hai.",A female speaker speaks clearly in Punjabi with a natural tone and moderate pace in a quiet environment.
/home/jupyter-koustav/fine_tuning/test_p/1505715748591921335.wav,"udāharana laī, hara sāla uttarī kairolīnā vicale bainaṭa sakūla de vidiārathī āpaṇī rāja dī rājadhānī dī yātarā bāre ikka vaibbasāīṭa baṇāuṃde hana, hara sāla vaibbasāīṭa nūṃ mur̤a-taratība dittī jāṃdī hai, para purāṇe saṃsakaraṇāṃ nūṃ ikka sakraipabuka vajoṃ varataṇa laī ānalāīna rakkhiā jāṃdā hai.",A female speaker speaks clearly in Punjabi with a natural tone and moderate pace in a quiet environment.
/home/jupyter-koustav/fine_tuning/test_p/12994894991399264951.wav,"udāharana laī, hara sāla uttarī kairolīnā vicale bainaṭa sakūla de vidiārathī āpaṇī rāja dī rājadhānī dī yātarā bāre ikka vaibbasāīṭa baṇāuṃde hana, hara sāla vaibbasāīṭa nūṃ mur̤a-taratība dittī jāṃdī hai, para purāṇe saṃsakaraṇāṃ nūṃ ikka sakraipabuka vajoṃ varataṇa laī ānalāīna rakkhiā jāṃdā hai.",A female speaker speaks clearly in Punjabi with a natural tone and moderate pace in a quiet environment.
/home/jupyter-koustav/fine_tuning/test_p/16607695255739475341.wav,"udāharana vajoṃ, khar̤hī tasavīra foṭogrāfī dā sabha toṃ ziādā varatiā jāṇa vālā phāramaiṭa hai 35 milīmīṭara, jo ki aināloga rīla de yugga dī samāpatī ‘te pramukkha rīla ākāra sī.",A female speaker speaks clearly in Punjabi with a natural tone and moderate pace in a quiet environment.
/home/jupyter-koustav/fine_tuning/test_p/6507684306706498509.wav,"udāharana vajoṃ, khar̤hī tasavīra foṭogrāfī dā sabha toṃ ziādā varatiā jāṇa vālā phāramaiṭa hai 35 milīmīṭara, jo ki aināloga rīla de yugga dī samāpatī ‘te pramukkha rīla ākāra sī.",A female speaker speaks clearly in Punjabi with a natural tone and moderate pace in a quiet environment.
/home/jupyter-koustav/fine_tuning/test_p/2507959392326624705.wav,"udāharana vajoṃ, khar̤hī tasavīra foṭogrāfī dā sabha toṃ ziādā varatiā jāṇa vālā phāramaiṭa hai 35 milīmīṭara, jo ki aināloga rīla de yugga dī samāpatī ‘te pramukkha rīla ākāra sī.",A female speaker speaks clearly in Punjabi with a natural tone and moderate pace in a quiet environment.
/home/jupyter-koustav/fine_tuning/test_p/14138075397794291318.wav,"kujha sathānāṃ vicca ika miṃṭa laī pāṇī ubālaṇā bahuta huṃdā hai, horāṃ thāṃvāṃ utte kujha miṃṭāṃ dī zarūrata huṃdī hai.",A female speaker speaks clearly in Punjabi with a natural tone and moderate pace in a quiet environment.
/home/jupyter-koustav/fine_tuning/test_p/15421386865143960599.wav,"kujha sathānāṃ vicca ika miṃṭa laī pāṇī ubālaṇā bahuta huṃdā hai, horāṃ thāṃvāṃ utte kujha miṃṭāṃ dī zarūrata huṃdī hai.",A female speaker speaks clearly in Punjabi with a natural tone and moderate pace in a quiet environment.
/home/jupyter-koustav/fine_tuning/test_p/1507659523517819784.wav,"kujha sathānāṃ vicca ika miṃṭa laī pāṇī ubālaṇā bahuta huṃdā hai, horāṃ thāṃvāṃ utte kujha miṃṭāṃ dī zarūrata huṃdī hai.",A female speaker speaks clearly in Punjabi with a natural tone and moderate pace in a quiet environment.
/home/jupyter-koustav/fine_tuning/test_p/13468158527037882393.wav,āma varatoṃ vicca saphārī śabada dā aratha hai viśeśa taura ‘te savānā vicca hairānījanaka afarīkī vanajīvana nūṃ dekhaṇa laī thala yātarā karanā.,A female speaker speaks clearly in Punjabi with a natural tone and moderate pace in a quiet environment.
/home/jupyter-koustav/fine_tuning/test_p/16173703888809177107.wav,āma varatoṃ vicca saphārī śabada dā aratha hai viśeśa taura ‘te savānā vicca hairānījanaka afarīkī vanajīvana nūṃ dekhaṇa laī thala yātarā karanā.,A female speaker speaks clearly in Punjabi with a natural tone and moderate pace in a quiet environment.
/home/jupyter-koustav/fine_tuning/test_p/11736695437270159555.wav,āma varatoṃ vicca saphārī śabada dā aratha hai viśeśa taura ‘te savānā vicca hairānījanaka afarīkī vanajīvana nūṃ dekhaṇa laī thala yātarā karanā.,A female speaker speaks clearly in Punjabi with a natural tone and moderate pace in a quiet environment.
/home/jupyter-koustav/fine_tuning/test_p/9741290541891952369.wav,"phira vī, athāraṭīāṃ toṃ salāha lao, sāre cinnhāṃ dā āgiā pālaṇa karo ate surakkhiā citāvanīāṃ ‘te dhiāna dio.",A female speaker speaks clearly in Punjabi with a natural tone and moderate pace in a quiet environment.
/home/jupyter-koustav/fine_tuning/test_p/15220485954947916995.wav,"phira vī, athāraṭīāṃ toṃ salāha lao, sāre cinnhāṃ dā āgiā pālaṇa karo ate surakkhiā citāvanīāṃ ‘te dhiāna dio.",A female speaker speaks clearly in Punjabi with a natural tone and moderate pace in a quiet environment.
/home/jupyter-koustav/fine_tuning/test_p/10589650280179303118.wav,"phira vī, athāraṭīāṃ toṃ salāha lao, sāre cinnhāṃ dā āgiā pālaṇa karo ate surakkhiā citāvanīāṃ ‘te dhiāna dio.",A female speaker speaks clearly in Punjabi with a natural tone and moderate pace in a quiet environment.
/home/jupyter-koustav/fine_tuning/test_p/14122962837882790669.wav,"sūra isa bimārī nūṃ phailāuṃde hana, jo ki isade bāada maccharāṃ rāhīṃ manukkhāṃ vicca phailadī hai.",A female speaker speaks clearly in Punjabi with a natural tone and moderate pace in a quiet environment.
/home/jupyter-koustav/fine_tuning/test_p/79542001872999122.wav,"sūra isa bimārī nūṃ phailāuṃde hana, jo ki isade bāada maccharāṃ rāhīṃ manukkhāṃ vicca phailadī hai.",A female speaker speaks clearly in Punjabi with a natural tone and moderate pace in a quiet environment.
/home/jupyter-koustav/fine_tuning/test_p/11376226160619749468.wav,"sūra isa bimārī nūṃ phailāuṃde hana, jo ki isade bāada maccharāṃ rāhīṃ manukkhāṃ vicca phailadī hai.",A female speaker speaks clearly in Punjabi with a natural tone and moderate pace in a quiet environment.
/home/jupyter-koustav/fine_tuning/test_p/11533909407976418193.wav,driśāṃ nūṃ pirāmiḍāṃ 'te pradaraśita kītā jāṃdā hai ate vakkha vakkha pirāmiḍa jagade hana.,A female speaker speaks clearly in Punjabi with a natural tone and moderate pace in a quiet environment.
/home/jupyter-koustav/fine_tuning/test_p/15228530416828974031.wav,driśāṃ nūṃ pirāmiḍāṃ 'te pradaraśita kītā jāṃdā hai ate vakkha vakkha pirāmiḍa jagade hana.,A female speaker speaks clearly in Punjabi with a natural tone and moderate pace in a quiet environment.
/home/jupyter-koustav/fine_tuning/test_p/12437994055358499269.wav,pāṇī heṭhale sathāna vicca vigiāna de kārana vāpasī pravāha kujha vaddha ḍūṃghe bhāgāṃ 'te keṃdarita huṃdā hai ate utthe ḍūṃghe pāṇī vicca tezī dhārā baṇā sakadā hai.,A female speaker speaks clearly in Punjabi with a natural tone and moderate pace in a quiet environment.
/home/jupyter-koustav/fine_tuning/test_p/5600073190748033138.wav,pāṇī heṭhale sathāna vicca vigiāna de kārana vāpasī pravāha kujha vaddha ḍūṃghe bhāgāṃ 'te keṃdarita huṃdā hai ate utthe ḍūṃghe pāṇī vicca tezī dhārā baṇā sakadā hai.,A female speaker speaks clearly in Punjabi with a natural tone and moderate pace in a quiet environment.
/home/jupyter-koustav/fine_tuning/test_p/8269413456829839709.wav,miḍala āraḍara de ballebāza sacina teṃdulakara ate rāhula drāvir̤a ne caṃgā pradaraśana karadiāṃ sau-ranāṃ dī sāṃjhedārī kītī.,A female speaker speaks clearly in Punjabi with a natural tone and moderate pace in a quiet environment.
/home/jupyter-koustav/fine_tuning/test_p/13287822740162320077.wav,miḍala āraḍara de ballebāza sacina teṃdulakara ate rāhula drāvir̤a ne caṃgā pradaraśana karadiāṃ sau-ranāṃ dī sāṃjhedārī kītī.,A female speaker speaks clearly in Punjabi with a natural tone and moderate pace in a quiet environment.
/home/jupyter-koustav/fine_tuning/test_p/14844556696976560506.wav,miḍala āraḍara de ballebāza sacina teṃdulakara ate rāhula drāvir̤a ne caṃgā pradaraśana karadiāṃ sau-ranāṃ dī sāṃjhedārī kītī.,A female speaker speaks clearly in Punjabi with a natural tone and moderate pace in a quiet environment.
/home/jupyter-koustav/fine_tuning/test_p/10314171067166928660.wav,upagrahi nūṃ ikka rākeṭa duārā pulār̤a vicca bhejiā giā sī. vigiānī aṃtarikaśa vicca ṭailīsakopa dī varatoṃ karade hana kiuṃki dharatī dā vātāvaraṇa sāḍī rauśanī ate driśaṭī nūṃ kujjha hadda takka bhaṃga karadā hai.,A female speaker speaks clearly in Punjabi with a natural tone and moderate pace in a quiet environment.
/home/jupyter-koustav/fine_tuning/test_p/6708416737041388599.wav,utapādāṃ dī āvājāī laī samuṃdarī jahāzāṃ dā isatemāla karanā lokāṃ ate utapādāṃ nūṃ vaḍḍī giṇatī vicca samuṃdara de pāra lijāuṇa dā ajja takka dā sabha toṃ vadhīā tarīkā hai.,A female speaker speaks clearly in Punjabi with a natural tone and moderate pace in a quiet environment.
/home/jupyter-koustav/fine_tuning/test_p/11768499898621941029.wav,utapādāṃ dī āvājāī laī samuṃdarī jahāzāṃ dā isatemāla karanā lokāṃ ate utapādāṃ nūṃ vaḍḍī giṇatī vicca samuṃdara de pāra lijāuṇa dā ajja takka dā sabha toṃ vadhīā tarīkā hai.,A female speaker speaks clearly in Punjabi with a natural tone and moderate pace in a quiet environment.
/home/jupyter-koustav/fine_tuning/test_p/11293434893921437121.wav,utapādāṃ dī āvājāī laī samuṃdarī jahāzāṃ dā isatemāla karanā lokāṃ ate utapādāṃ nūṃ vaḍḍī giṇatī vicca samuṃdara de pāra lijāuṇa dā ajja takka dā sabha toṃ vadhīā tarīkā hai.,A female speaker speaks clearly in Punjabi with a natural tone and moderate pace in a quiet environment.
/home/jupyter-koustav/fine_tuning/test_p/10114801816081710422.wav,"kokaimo ghāṭī - cillī dā pramukkha car̤hāī vālā bhāga, jo dakkhaṇī amarīkā dīāṃ sak͟hata vaḍḍīāṃ dīvārāṃ dīāṃ kisamāṃ ate krega nāla yosemāīṭa de rūpa vicca jāṇiā jāṃdā hai.",A female speaker speaks clearly in Punjabi with a natural tone and moderate pace in a quiet environment.
/home/jupyter-koustav/fine_tuning/test_p/14642366230250645183.wav,"kokaimo ghāṭī - cillī dā pramukkha car̤hāī vālā bhāga, jo dakkhaṇī amarīkā dīāṃ sak͟hata vaḍḍīāṃ dīvārāṃ dīāṃ kisamāṃ ate krega nāla yosemāīṭa de rūpa vicca jāṇiā jāṃdā hai.",A female speaker speaks clearly in Punjabi with a natural tone and moderate pace in a quiet environment.
/home/jupyter-koustav/fine_tuning/test_p/9985720054007195657.wav,"kokaimo ghāṭī - cillī dā pramukkha car̤hāī vālā bhāga, jo dakkhaṇī amarīkā dīāṃ sak͟hata vaḍḍīāṃ dīvārāṃ dīāṃ kisamāṃ ate krega nāla yosemāīṭa de rūpa vicca jāṇiā jāṃdā hai.",A female speaker speaks clearly in Punjabi with a natural tone and moderate pace in a quiet environment.
/home/jupyter-koustav/fine_tuning/test_p/2684869281931749083.wav,kujha kiriāvāṃ ate vasatūāṃ vicakāra aṃtara karana dā iha ikka mahattavapūraṇa tarīkā hai.,A female speaker speaks clearly in Punjabi with a natural tone and moderate pace in a quiet environment.
/home/jupyter-koustav/fine_tuning/test_p/13381696881036611109.wav,kujha kiriāvāṃ ate vasatūāṃ vicakāra aṃtara karana dā iha ikka mahattavapūraṇa tarīkā hai.,A female speaker speaks clearly in Punjabi with a natural tone and moderate pace in a quiet environment.
/home/jupyter-koustav/fine_tuning/test_p/4194855438423333835.wav,kujha kiriāvāṃ ate vasatūāṃ vicakāra aṃtara karana dā iha ikka mahattavapūraṇa tarīkā hai.,A female speaker speaks clearly in Punjabi with a natural tone and moderate pace in a quiet environment.
/home/jupyter-koustav/fine_tuning/test_p/6340733974889014011.wav,"je saradīāṃ vicca uttarī bailaṭika nūṃ pāra kara rahe ho, tāṃ kaibina lokeśana dī jāṃca karo kiuṃki jihar̤e sabha toṃ prabhāvita lokāṃ hana uhanāṃ vāsate barafa atiaṃta bhiānaka avāzāṃ paidā karadī hai.",A female speaker speaks clearly in Punjabi with a natural tone and moderate pace in a quiet environment.
/home/jupyter-koustav/fine_tuning/test_p/5481517135524764486.wav,"loka huṇa kaṃpiūṭara sakarīnāṃ utte saṃdeśa likhade hana, kade vī śārapanara de ner̤e nahīṃ jāṃde hana.",A female speaker speaks clearly in Punjabi with a natural tone and moderate pace in a quiet environment.
/home/jupyter-koustav/fine_tuning/test_p/3879543582699607006.wav,"loka huṇa kaṃpiūṭara sakarīnāṃ utte saṃdeśa likhade hana, kade vī śārapanara de ner̤e nahīṃ jāṃde hana.",A female speaker speaks clearly in Punjabi with a natural tone and moderate pace in a quiet environment.
/home/jupyter-koustav/fine_tuning/test_p/2048143100851244165.wav,"nukasāna, gaṃbhīra samājika tor̤a-phor̤a jāṃ jānī-nukasāna dā kārana baṇana dī saṃbhāvanā vālī kise vī k͟hataranāka mausamī ghaṭanā vāsate āma taura 'te bhiānaka mausama śabadāvalī nūṃ varatiā jāṃdā hai.",A female speaker speaks clearly in Punjabi with a natural tone and moderate pace in a quiet environment.
/home/jupyter-koustav/fine_tuning/test_p/16903461918042083452.wav,"nukasāna, gaṃbhīra samājika tor̤a-phor̤a jāṃ jānī-nukasāna dā kārana baṇana dī saṃbhāvanā vālī kise vī k͟hataranāka mausamī ghaṭanā vāsate āma taura 'te bhiānaka mausama śabadāvalī nūṃ varatiā jāṃdā hai.",A female speaker speaks clearly in Punjabi with a natural tone and moderate pace in a quiet environment.
/home/jupyter-koustav/fine_tuning/test_p/10508974362374617786.wav,"1920 de dahāke de daurāna, jiādātara lokāṃ ate rāśaṭarāṃ dā pracalita ravvaīā śāṃtī ate ikāṃta vālā sī.",A female speaker speaks clearly in Punjabi with a natural tone and moderate pace in a quiet environment.
/home/jupyter-koustav/fine_tuning/test_p/5884240385171801884.wav,"1920 de dahāke de daurāna, jiādātara lokāṃ ate rāśaṭarāṃ dā pracalita ravvaīā śāṃtī ate ikāṃta vālā sī.",A female speaker speaks clearly in Punjabi with a natural tone and moderate pace in a quiet environment.
/home/jupyter-koustav/fine_tuning/test_p/627392207440966645.wav,"hālāṃki koī nahīṃ jāṇadā ki iha kisa dī likhata hai, para ikka galla dā patā hai, ki isade jīvanakāla de araṃbha vicca, isa viśāla camārakī dasatāveza (isadā ākāra 29¾ iṃca guṇā 24½ iṃca hai) nūṃ saṭora karana laī gola karake valheṭiā giā sī.",A female speaker speaks clearly in Punjabi with a natural tone and moderate pace in a quiet environment.
/home/jupyter-koustav/fine_tuning/test_p/11376516088460255570.wav,"isa de natīje vajoṃ, kise rukāvaṭa nāla najiṭṭhaṇa laī saṃsathā de ikaṭṭhe kamma karana dī prakiriā viccoṃ gāhaka dī lor̤āṃ nūṃ pūrā karana saṃbaṃdhī ikka navīṃ kāḍhakārī prakiriā nikala ke ā sakadī hai.",A female speaker speaks clearly in Punjabi with a natural tone and moderate pace in a quiet environment.
/home/jupyter-koustav/fine_tuning/test_p/4185312036219963345.wav,"isa de natīje vajoṃ, kise rukāvaṭa nāla najiṭṭhaṇa laī saṃsathā de ikaṭṭhe kamma karana dī prakiriā viccoṃ gāhaka dī lor̤āṃ nūṃ pūrā karana saṃbaṃdhī ikka navīṃ kāḍhakārī prakiriā nikala ke ā sakadī hai.",A female speaker speaks clearly in Punjabi with a natural tone and moderate pace in a quiet environment.
/home/jupyter-koustav/fine_tuning/test_p/14991586560151713310.wav,kujjha lokāṃ ne iha sociā ki uha sahī sī para kaī lokāṃ ne isade ulaṭa sociā; ki sūraja (ate hora tāre vī) sameta saura praṇālī dharatī de āle-duāle ghummadī hai.,A female speaker speaks clearly in Punjabi with a natural tone and moderate pace in a quiet environment.
/home/jupyter-koustav/fine_tuning/test_p/12685313241067267924.wav,kujjha lokāṃ ne iha sociā ki uha sahī sī para kaī lokāṃ ne isade ulaṭa sociā; ki sūraja (ate hora tāre vī) sameta saura praṇālī dharatī de āle-duāle ghummadī hai.,A female speaker speaks clearly in Punjabi with a natural tone and moderate pace in a quiet environment.
/home/jupyter-koustav/fine_tuning/test_p/10669641770486846722.wav,kujjha lokāṃ ne iha sociā ki uha sahī sī para kaī lokāṃ ne isade ulaṭa sociā; ki sūraja (ate hora tāre vī) sameta saura praṇālī dharatī de āle-duāle ghummadī hai.,A female speaker speaks clearly in Punjabi with a natural tone and moderate pace in a quiet environment.
/home/jupyter-koustav/fine_tuning/test_p/7079858434399901430.wav,paude foṭosiṃthesisa duārā āpaṇā bhojana sūraja toṃ baṇāuṃde hana. uha chāṃ vī diṃde hana.,A female speaker speaks clearly in Punjabi with a natural tone and moderate pace in a quiet environment.
/home/jupyter-koustav/fine_tuning/test_p/13327742707876031581.wav,paude foṭosiṃthesisa duārā āpaṇā bhojana sūraja toṃ baṇāuṃde hana. uha chāṃ vī diṃde hana.,A female speaker speaks clearly in Punjabi with a natural tone and moderate pace in a quiet environment.
/home/jupyter-koustav/fine_tuning/test_p/17522492246690852819.wav,paude foṭosiṃthesisa duārā āpaṇā bhojana sūraja toṃ baṇāuṃde hana. uha chāṃ vī diṃde hana.,A female speaker speaks clearly in Punjabi with a natural tone and moderate pace in a quiet environment.
/home/jupyter-koustav/fine_tuning/test_p/13270735580359062922.wav,āma taura 'te tusīṃ hameśāṃ itthe sailānīāṃ ate vikaretāvāṃ dī āvāza suṇade ho. āvāza ate rauśanī dī kahāṇī ikka kahāṇī dī kitāba vāṃga hai.,A female speaker speaks clearly in Punjabi with a natural tone and moderate pace in a quiet environment.
/home/jupyter-koustav/fine_tuning/test_p/12662382640359827911.wav,"morokaina sulatāna ne dārū aila-bādeā de taura 'te śahira nūṃ dubārā baṇāiā ate sapainiśa vapārīāṃ duārā isanūṃ kaisabelakā nāma dittā giā, jinhāṃ utthe vapārika ādhāra sathāpita kītā sī.",A female speaker speaks clearly in Punjabi with a natural tone and moderate pace in a quiet environment.
/home/jupyter-koustav/fine_tuning/test_p/14051231774170683354.wav,"morokaina sulatāna ne dārū aila-bādeā de taura 'te śahira nūṃ dubārā baṇāiā ate sapainiśa vapārīāṃ duārā isanūṃ kaisabelakā nāma dittā giā, jinhāṃ utthe vapārika ādhāra sathāpita kītā sī.",A female speaker speaks clearly in Punjabi with a natural tone and moderate pace in a quiet environment.
/home/jupyter-koustav/fine_tuning/test_p/3423254277643098176.wav,"jiveṃ ki sāre dakkhaṇī afarīkī naiśanala pārakāṃ vicca, rozānā dī sāṃbha-saṃbhāla ate dāk͟hala hoṇa laī fīsa laggadī hai.",A female speaker speaks clearly in Punjabi with a natural tone and moderate pace in a quiet environment.
/home/jupyter-koustav/fine_tuning/test_p/12345199860656781345.wav,"jiveṃ ki sāre dakkhaṇī afarīkī naiśanala pārakāṃ vicca, rozānā dī sāṃbha-saṃbhāla ate dāk͟hala hoṇa laī fīsa laggadī hai.",A female speaker speaks clearly in Punjabi with a natural tone and moderate pace in a quiet environment.
/home/jupyter-koustav/fine_tuning/test_p/3530239410045939675.wav,"jiveṃ ki sāre dakkhaṇī afarīkī naiśanala pārakāṃ vicca, rozānā dī sāṃbha-saṃbhāla ate dāk͟hala hoṇa laī fīsa laggadī hai.",A female speaker speaks clearly in Punjabi with a natural tone and moderate pace in a quiet environment.
/home/jupyter-koustav/fine_tuning/test_p/10033020277327712096.wav,"iṃṭaranaiṭṭa bahu-giṇatī ate aṃtaraviakatī saṃcāra, dovāṃ tattāṃ dā sumela karadā hai.",A female speaker speaks clearly in Punjabi with a natural tone and moderate pace in a quiet environment.
/home/jupyter-koustav/fine_tuning/test_p/5081569106704845787.wav,"iṃṭaranaiṭṭa bahu-giṇatī ate aṃtaraviakatī saṃcāra, dovāṃ tattāṃ dā sumela karadā hai.",A female speaker speaks clearly in Punjabi with a natural tone and moderate pace in a quiet environment.
/home/jupyter-koustav/fine_tuning/test_p/9893603773578729194.wav,"iṃṭaranaiṭṭa bahu-giṇatī ate aṃtaraviakatī saṃcāra, dovāṃ tattāṃ dā sumela karadā hai.",A female speaker speaks clearly in Punjabi with a natural tone and moderate pace in a quiet environment.
/home/jupyter-koustav/fine_tuning/test_p/310805404415131927.wav,"kujha rasatiāṃ utte, vaḍḍīāṃ kaṃpanīāṃ kola unhāṃ de āpaṇe jahāza hana, paraṃtū hora rasatiāṃ laī ate choṭīāṃ kaṃpanīāṃ laī samassiā hai.",A female speaker speaks clearly in Punjabi with a natural tone and moderate pace in a quiet environment.
/home/jupyter-koustav/fine_tuning/test_p/10045745942478893252.wav,"billīāṃ vicca sabha toṃ vaddha samājika śera hana, jihar̤e vaḍḍe samūhāṃ vicca rahiṃde hana jinhāṃ nūṃ prāīḍa kihā jāṃdā hai.",A female speaker speaks clearly in Punjabi with a natural tone and moderate pace in a quiet environment.
/home/jupyter-koustav/fine_tuning/test_p/6685704526215972642.wav,"afasosa, ṭraiphika prvāha dā adhiaina karanā aukhā hai kiuṃki sau pratiśata yakīna nāla cālaka de subhāa dā aṃdāzā nahīṃ lagāiā jā sakadā.",A female speaker speaks clearly in Punjabi with a natural tone and moderate pace in a quiet environment.
/home/jupyter-koustav/fine_tuning/test_p/15577798990014613798.wav,"afasosa, ṭraiphika prvāha dā adhiaina karanā aukhā hai kiuṃki sau pratiśata yakīna nāla cālaka de subhāa dā aṃdāzā nahīṃ lagāiā jā sakadā.",A female speaker speaks clearly in Punjabi with a natural tone and moderate pace in a quiet environment.
/home/jupyter-koustav/fine_tuning/test_p/17013331060284035983.wav,"afasosa, ṭraiphika prvāha dā adhiaina karanā aukhā hai kiuṃki sau pratiśata yakīna nāla cālaka de subhāa dā aṃdāzā nahīṃ lagāiā jā sakadā.",A female speaker speaks clearly in Punjabi with a natural tone and moderate pace in a quiet environment.
/home/jupyter-koustav/fine_tuning/test_p/3897712084554067671.wav,"jekara tusīṃ śipaboraḍa saira-sapāṭe dī varatoṃ karadiāṃ sirafa kaṃḍhe 'te jāṃde ho, tuhānūṃ vakkhare vīzā dī zarūrata nahīṃ hovegī (2009 de anusāra).",A female speaker speaks clearly in Punjabi with a natural tone and moderate pace in a quiet environment.
/home/jupyter-koustav/fine_tuning/test_p/549641067270947566.wav,"jekara tusīṃ śipaboraḍa saira-sapāṭe dī varatoṃ karadiāṃ sirafa kaṃḍhe 'te jāṃde ho, tuhānūṃ vakkhare vīzā dī zarūrata nahīṃ hovegī (2009 de anusāra).",A female speaker speaks clearly in Punjabi with a natural tone and moderate pace in a quiet environment.
/home/jupyter-koustav/fine_tuning/test_p/10690268817830158780.wav,"māo aṃdolana duārā āzādī laī kīte gae saṃgharaśa daurāna, kasabe vicca ikka śāṃtamaī ikaṭṭha de natīje vajoṃ mukhī ṭupuā tāmasī līlophī dā katala ho giā.",A female speaker speaks clearly in Punjabi with a natural tone and moderate pace in a quiet environment.
/home/jupyter-koustav/fine_tuning/test_p/14732552906524233973.wav,"māo aṃdolana duārā āzādī laī kīte gae saṃgharaśa daurāna, kasabe vicca ikka śāṃtamaī ikaṭṭha de natīje vajoṃ mukhī ṭupuā tāmasī līlophī dā katala ho giā.",A female speaker speaks clearly in Punjabi with a natural tone and moderate pace in a quiet environment.
/home/jupyter-koustav/fine_tuning/test_p/7814250632382312140.wav,riporaṭa irāka pratī maujūdā kārajakārī nītī de lagabhaga hara pahilū pratī ālocanātamaka hai ate iha diśā vicca tatakāla parivaratana 'te zora diṃdī hai.,A female speaker speaks clearly in Punjabi with a natural tone and moderate pace in a quiet environment.
/home/jupyter-koustav/fine_tuning/test_p/16319303066220541873.wav,riporaṭa irāka pratī maujūdā kārajakārī nītī de lagabhaga hara pahilū pratī ālocanātamaka hai ate iha diśā vicca tatakāla parivaratana 'te zora diṃdī hai.,A female speaker speaks clearly in Punjabi with a natural tone and moderate pace in a quiet environment.
/home/jupyter-koustav/fine_tuning/test_p/8057941098899087235.wav,riporaṭa irāka pratī maujūdā kārajakārī nītī de lagabhaga hara pahilū pratī ālocanātamaka hai ate iha diśā vicca tatakāla parivaratana 'te zora diṃdī hai.,A female speaker speaks clearly in Punjabi with a natural tone and moderate pace in a quiet environment.
/home/jupyter-koustav/fine_tuning/test_p/11147198459362829576.wav,usadā siṃghāpura de upa pradhāna maṃtarī voṃga kāna seṃga ne savāgata kītā ate siṃghāpura de pradhāna maṃtarī lī harisana luṃga de nāla vapāra ate ātaṃkavāda de muddiāṃ utte caracā kītī.,A female speaker speaks clearly in Punjabi with a natural tone and moderate pace in a quiet environment.
/home/jupyter-koustav/fine_tuning/test_p/2195689453212999543.wav,usadā siṃghāpura de upa pradhāna maṃtarī voṃga kāna seṃga ne savāgata kītā ate siṃghāpura de pradhāna maṃtarī lī harisana luṃga de nāla vapāra ate ātaṃkavāda de muddiāṃ utte caracā kītī.,A female speaker speaks clearly in Punjabi with a natural tone and moderate pace in a quiet environment.
/home/jupyter-koustav/fine_tuning/test_p/14838084372070295145.wav,usadā siṃghāpura de upa pradhāna maṃtarī voṃga kāna seṃga ne savāgata kītā ate siṃghāpura de pradhāna maṃtarī lī harisana luṃga de nāla vapāra ate ātaṃkavāda de muddiāṃ utte caracā kītī.,A female speaker speaks clearly in Punjabi with a natural tone and moderate pace in a quiet environment.
/home/jupyter-koustav/fine_tuning/test_p/10019901230699518471.wav,alahidā karanā ate mur̤a-sumela karanā hareka pīr̤hī de do pūlāṃ vicakāra parivaratita rūpa nūṃ agge-picche pūrī tarhāṃ betaratība kara diṃdā hai.,A female speaker speaks clearly in Punjabi with a natural tone and moderate pace in a quiet environment.
/home/jupyter-koustav/fine_tuning/test_p/4923847401521983264.wav,asīṃ paudiāṃ toṃ āpaṇe ghara baṇāuṃde hāṃ ate paudiāṃ toṃ kappar̤e baṇāuṃde hāṃ. sāḍe duārā khāiā jāṇa vālā ziādātara bhojana paudiāṃ de rūpa vicca hī huṃdā hai. paudiāṃ de binhā jānavara jīvata nahīṃ rahi sakade hana.,A female speaker speaks clearly in Punjabi with a natural tone and moderate pace in a quiet environment.
/home/jupyter-koustav/fine_tuning/test_p/6733297025468728484.wav,asīṃ paudiāṃ toṃ āpaṇe ghara baṇāuṃde hāṃ ate paudiāṃ toṃ kappar̤e baṇāuṃde hāṃ. sāḍe duārā khāiā jāṇa vālā ziādātara bhojana paudiāṃ de rūpa vicca hī huṃdā hai. paudiāṃ de binhā jānavara jīvata nahīṃ rahi sakade hana.,A female speaker speaks clearly in Punjabi with a natural tone and moderate pace in a quiet environment.
/home/jupyter-koustav/fine_tuning/test_p/16133783731399537267.wav,"kuṃḍalī ūrajā kuṃḍalī yogā nāla yogā āsanā, savāsa abhiāsa, maṃtarāṃ ate aṃtara-dhiāna de mādhiama nāla jāgrita huṃdī hai.",A female speaker speaks clearly in Punjabi with a natural tone and moderate pace in a quiet environment.
/home/jupyter-koustav/fine_tuning/test_p/5826857785760329874.wav,"kuṃḍalī ūrajā kuṃḍalī yogā nāla yogā āsanā, savāsa abhiāsa, maṃtarāṃ ate aṃtara-dhiāna de mādhiama nāla jāgrita huṃdī hai.",A female speaker speaks clearly in Punjabi with a natural tone and moderate pace in a quiet environment.
/home/jupyter-koustav/fine_tuning/test_p/779028098741997847.wav,"kuṃḍalī ūrajā kuṃḍalī yogā nāla yogā āsanā, savāsa abhiāsa, maṃtarāṃ ate aṃtara-dhiāna de mādhiama nāla jāgrita huṃdī hai.",A female speaker speaks clearly in Punjabi with a natural tone and moderate pace in a quiet environment.
/home/jupyter-koustav/fine_tuning/test_p/7559869042560062744.wav,iha ghośaṇā ṭaraṃpa dī turakī de rāśaṭarapatī risapa ṭeipa araḍoāna nāla fona ‘te gallabāta karana toṃ bāada kītī gaī sī.,A female speaker speaks clearly in Punjabi with a natural tone and moderate pace in a quiet environment.
/home/jupyter-koustav/fine_tuning/test_p/11420607768007429872.wav,iha ghośaṇā ṭaraṃpa dī turakī de rāśaṭarapatī risapa ṭeipa araḍoāna nāla fona ‘te gallabāta karana toṃ bāada kītī gaī sī.,A female speaker speaks clearly in Punjabi with a natural tone and moderate pace in a quiet environment.
/home/jupyter-koustav/fine_tuning/test_p/258832003696066099.wav,iha ghośaṇā ṭaraṃpa dī turakī de rāśaṭarapatī risapa ṭeipa araḍoāna nāla fona ‘te gallabāta karana toṃ bāada kītī gaī sī.,A female speaker speaks clearly in Punjabi with a natural tone and moderate pace in a quiet environment.
/home/jupyter-koustav/fine_tuning/test_p/289289082410030054.wav,iha garama cākaleṭa bailajīana miārāṃ ‘te pūrā kharā uttaradī hai. phalāṃ de jūsa mahiṃge zarūra hana para bihatarīna hana.,A female speaker speaks clearly in Punjabi with a natural tone and moderate pace in a quiet environment.
/home/jupyter-koustav/fine_tuning/test_p/4440790092395612216.wav,musāfarāṃ nūṃ uhanāṃ de khetara de asara karana vāle bhiānaka mausama toṃ hoṇa vāle kise vī tarhāṃ de khatare toṃ sāvadhāna rahiṇa dī salāha dittī jāṃdī hai kiuṃki uha uhanāṃ dī yātarā dī yojanā 'te asara pā sakade hana.,A female speaker speaks clearly in Punjabi with a natural tone and moderate pace in a quiet environment.
/home/jupyter-koustav/fine_tuning/test_p/17668201018365750359.wav,agga bujhāū dasatee ne rāta 11:35 vaje takka agga ‘te kābū pā liā sī.,A female speaker speaks clearly in Punjabi with a natural tone and moderate pace in a quiet environment.
/home/jupyter-koustav/fine_tuning/test_p/16836140046106334395.wav,"ziādā ravāitī caracāṃ vicca āma taura ‘te īsaṭara vijala īsaṭara vīkaiṃḍa daurāna śanīvāra dī rāta nūṃ manāiā jāṃdā hai, jisa daurāna akasara hī sabhā vicca śāmala loka īsā masīha de punara janama dī khuśī manāuṇa laī addhī rāta huṃde hī jaśana manāuṇā śurū kara diṃde hana.",A female speaker speaks clearly in Punjabi with a natural tone and moderate pace in a quiet environment.
/home/jupyter-koustav/fine_tuning/test_p/13311037990282421077.wav,"ziādā ravāitī caracāṃ vicca āma taura ‘te īsaṭara vijala īsaṭara vīkaiṃḍa daurāna śanīvāra dī rāta nūṃ manāiā jāṃdā hai, jisa daurāna akasara hī sabhā vicca śāmala loka īsā masīha de punara janama dī khuśī manāuṇa laī addhī rāta huṃde hī jaśana manāuṇā śurū kara diṃde hana.",A female speaker speaks clearly in Punjabi with a natural tone and moderate pace in a quiet environment.
/home/jupyter-koustav/fine_tuning/test_p/12209975149910450727.wav,"riśatedārāṃ nūṃ caṃgī manodaśā vicca rakkhaṇa laī ate uhanāṃ nūṃ ghara vicca rakkhaṇa laī uhanāṃ kola sādhārana taura 'te viśeśa bhojana, śarāba ate manoraṃjana de prasatāva huṃde hana.",A female speaker speaks clearly in Punjabi with a natural tone and moderate pace in a quiet environment.
/home/jupyter-koustav/fine_tuning/test_p/1187084328138001333.wav,"riśatedārāṃ nūṃ caṃgī manodaśā vicca rakkhaṇa laī ate uhanāṃ nūṃ ghara vicca rakkhaṇa laī uhanāṃ kola sādhārana taura 'te viśeśa bhojana, śarāba ate manoraṃjana de prasatāva huṃde hana.",A female speaker speaks clearly in Punjabi with a natural tone and moderate pace in a quiet environment.
/home/jupyter-koustav/fine_tuning/test_p/1391505422791405208.wav,"riśatedārāṃ nūṃ caṃgī manodaśā vicca rakkhaṇa laī ate uhanāṃ nūṃ ghara vicca rakkhaṇa laī uhanāṃ kola sādhārana taura 'te viśeśa bhojana, śarāba ate manoraṃjana de prasatāva huṃde hana.",A female speaker speaks clearly in Punjabi with a natural tone and moderate pace in a quiet environment.
/home/jupyter-koustav/fine_tuning/test_p/11085225288294463391.wav,sirafa do hafatiāṃ vicca amarīkana ate phrī phraiṃca bala ne dakkhaṇī pharāṃsa nūṃ āzāda karavā liā ate phira uha āpaṇā mūṃha jaramanī valla mor̤a rahe sana.,A female speaker speaks clearly in Punjabi with a natural tone and moderate pace in a quiet environment.
/home/jupyter-koustav/fine_tuning/test_p/4458631602738700409.wav,sirafa do hafatiāṃ vicca amarīkana ate phrī phraiṃca bala ne dakkhaṇī pharāṃsa nūṃ āzāda karavā liā ate phira uha āpaṇā mūṃha jaramanī valla mor̤a rahe sana.,A female speaker speaks clearly in Punjabi with a natural tone and moderate pace in a quiet environment.
/home/jupyter-koustav/fine_tuning/test_p/12869626478731316797.wav,sirafa do hafatiāṃ vicca amarīkana ate phrī phraiṃca bala ne dakkhaṇī pharāṃsa nūṃ āzāda karavā liā ate phira uha āpaṇā mūṃha jaramanī valla mor̤a rahe sana.,A female speaker speaks clearly in Punjabi with a natural tone and moderate pace in a quiet environment.
/home/jupyter-koustav/fine_tuning/test_p/15935150488548258233.wav,"isa tarhāṃ, painasila bahuta sāre lokāṃ laī ika vadhīā dosata sī jadoṃ iha baṇī sī.",A female speaker speaks clearly in Punjabi with a natural tone and moderate pace in a quiet environment.
/home/jupyter-koustav/fine_tuning/test_p/12625572806537427151.wav,"isa tarhāṃ, painasila bahuta sāre lokāṃ laī ika vadhīā dosata sī jadoṃ iha baṇī sī.",A female speaker speaks clearly in Punjabi with a natural tone and moderate pace in a quiet environment.
/home/jupyter-koustav/fine_tuning/test_p/1503594125192360514.wav,"maiṭaro vicca niyamita ghośaṇāvāṃ sirafa kaiṭalana vicca kītīā jāṃdīāṃ hana, paraṃtū sapainiśa, aṃgarejī, pharaiṃca, arabī ate jāpānī sahita kaī bhāśāvāṃ vicca ika savai-calita praṇālī rāhīṃ gaira-yojanābaddha rukāvaṭāṃ dā ailāna kītā jāṃdā hai.",A female speaker speaks clearly in Punjabi with a natural tone and moderate pace in a quiet environment.
/home/jupyter-koustav/fine_tuning/test_p/5102443931236640146.wav,"maiṭaro vicca niyamita ghośaṇāvāṃ sirafa kaiṭalana vicca kītīā jāṃdīāṃ hana, paraṃtū sapainiśa, aṃgarejī, pharaiṃca, arabī ate jāpānī sahita kaī bhāśāvāṃ vicca ika savai-calita praṇālī rāhīṃ gaira-yojanābaddha rukāvaṭāṃ dā ailāna kītā jāṃdā hai.",A female speaker speaks clearly in Punjabi with a natural tone and moderate pace in a quiet environment.
/home/jupyter-koustav/fine_tuning/test_p/8029473163734274315.wav,sakāiṃga māraga nūṃ ikka samāna paidala-pahār̤hī māraga de rūpa vicca soco.,A female speaker speaks clearly in Punjabi with a natural tone and moderate pace in a quiet environment.
/home/jupyter-koustav/fine_tuning/test_p/15835052686990983296.wav,sakāiṃga māraga nūṃ ikka samāna paidala-pahār̤hī māraga de rūpa vicca soco.,A female speaker speaks clearly in Punjabi with a natural tone and moderate pace in a quiet environment.
/home/jupyter-koustav/fine_tuning/test_p/18422731930412769725.wav,sakāiṃga māraga nūṃ ikka samāna paidala-pahār̤hī māraga de rūpa vicca soco.,A female speaker speaks clearly in Punjabi with a natural tone and moderate pace in a quiet environment.
/home/jupyter-koustav/fine_tuning/test_p/1016397316453669617.wav,"unhāṃ de paira camma jāṃ khalar̤ī dī tahi ate paṃje vāle huṃde hana, uha aṃḍe diṃde hana, ate uha āpaṇīāṃ doveṃ pichalīāṃ lattāṃ 'te ṭī-raikasa vāṃga calade hana.",A female speaker speaks clearly in Punjabi with a natural tone and moderate pace in a quiet environment.
/home/jupyter-koustav/fine_tuning/test_p/1355765252235711666.wav,"unhāṃ de paira camma jāṃ khalar̤ī dī tahi ate paṃje vāle huṃde hana, uha aṃḍe diṃde hana, ate uha āpaṇīāṃ doveṃ pichalīāṃ lattāṃ 'te ṭī-raikasa vāṃga calade hana.",A female speaker speaks clearly in Punjabi with a natural tone and moderate pace in a quiet environment.
/home/jupyter-koustav/fine_tuning/test_p/13764274421895596103.wav,vumaina siṭiṃga garuppa vicca cāra sakāira āpaṇīāṃ daur̤āṃ pūrīāṃ karana vicca asaphala rahīāṃ ate jāiṃṭa salailoma vicca kulla 117 sakāirāṃ viccoṃ 45 isa daur̤a vicca raiṃka baṇāuṇa vicca asaphala rahe.,A female speaker speaks clearly in Punjabi with a natural tone and moderate pace in a quiet environment.
/home/jupyter-koustav/fine_tuning/test_p/2298053983839146056.wav,vumaina siṭiṃga garuppa vicca cāra sakāira āpaṇīāṃ daur̤āṃ pūrīāṃ karana vicca asaphala rahīāṃ ate jāiṃṭa salailoma vicca kulla 117 sakāirāṃ viccoṃ 45 isa daur̤a vicca raiṃka baṇāuṇa vicca asaphala rahe.,A female speaker speaks clearly in Punjabi with a natural tone and moderate pace in a quiet environment.
/home/jupyter-koustav/fine_tuning/test_p/15023118749261058435.wav,"ikka sacca dī mauzūdagī ""adikkha ṭīma"" (lārasana ate lāphāsaṭo, 1989, pī109) dī upalabadhī ikka asalī ṭīma dā anokhā hissā hai.",A female speaker speaks clearly in Punjabi with a natural tone and moderate pace in a quiet environment.
/home/jupyter-koustav/fine_tuning/test_p/2291071606660904162.wav,"ikka sacca dī mauzūdagī ""adikkha ṭīma"" (lārasana ate lāphāsaṭo, 1989, pī109) dī upalabadhī ikka asalī ṭīma dā anokhā hissā hai.",A female speaker speaks clearly in Punjabi with a natural tone and moderate pace in a quiet environment.
/home/jupyter-koustav/fine_tuning/test_p/5132368270629252186.wav,prācīna cīna vicca vakkha-vakkha sameṃ kālāṃ nūṃ dikhāuṇa dā vilakkhaṇa tarīkā sī; cīna dā hareka par̤āa jāṃ hareka parivāra jo sattā vicca ika k͟hāsa rājavaṃśa sī.,A female speaker speaks clearly in Punjabi with a natural tone and moderate pace in a quiet environment.
/home/jupyter-koustav/fine_tuning/test_p/14590856660109269635.wav,prācīna cīna vicca vakkha-vakkha sameṃ kālāṃ nūṃ dikhāuṇa dā vilakkhaṇa tarīkā sī; cīna dā hareka par̤āa jāṃ hareka parivāra jo sattā vicca ika k͟hāsa rājavaṃśa sī.,A female speaker speaks clearly in Punjabi with a natural tone and moderate pace in a quiet environment.
/home/jupyter-koustav/fine_tuning/test_p/1135233240259377766.wav,saṃyukata rāśaṭara de iṃjīnīara kaurapasa ne anumāna lagāiā ki 6 iṃca mīṃha pahilāṃ naśaṭa hoe bannha nūṃ tor̤a sakadā hai.,A female speaker speaks clearly in Punjabi with a natural tone and moderate pace in a quiet environment.
/home/jupyter-koustav/fine_tuning/test_p/13477230763239423245.wav,saṃyukata rāśaṭara de iṃjīnīara kaurapasa ne anumāna lagāiā ki 6 iṃca mīṃha pahilāṃ naśaṭa hoe bannha nūṃ tor̤a sakadā hai.,A female speaker speaks clearly in Punjabi with a natural tone and moderate pace in a quiet environment.
/home/jupyter-koustav/fine_tuning/test_p/8916671926581905746.wav,saṃyukata rāśaṭara de iṃjīnīara kaurapasa ne anumāna lagāiā ki 6 iṃca mīṃha pahilāṃ naśaṭa hoe bannha nūṃ tor̤a sakadā hai.,A female speaker speaks clearly in Punjabi with a natural tone and moderate pace in a quiet environment.
/home/jupyter-koustav/fine_tuning/test_p/2536859788207929340.wav,seṃṭa pīṭarasabaraga de karūza vicca śahira vicca rukaṇa dā samāṃ vī śāmala huṃdā hai. karūza de yātarīāṃ nūṃ vīzā saṃbaṃdhī jarūratāṃ vicca choṭa prāpata huṃdī hai (śaratāṃ nūṃ dekho).,A female speaker speaks clearly in Punjabi with a natural tone and moderate pace in a quiet environment.
/home/jupyter-koustav/fine_tuning/test_p/10502631511200032208.wav,seṃṭa pīṭarasabaraga de karūza vicca śahira vicca rukaṇa dā samāṃ vī śāmala huṃdā hai. karūza de yātarīāṃ nūṃ vīzā saṃbaṃdhī jarūratāṃ vicca choṭa prāpata huṃdī hai (śaratāṃ nūṃ dekho).,A female speaker speaks clearly in Punjabi with a natural tone and moderate pace in a quiet environment.
/home/jupyter-koustav/fine_tuning/test_p/1120076635356866305.wav,khetara dī uttara vicca sahela valloṃ ate dakkhaṇa ate pacchama vicca aṭalāṃṭika mahāṃsāgara valloṃ hadda bannhī hoī hai.,A female speaker speaks clearly in Punjabi with a natural tone and moderate pace in a quiet environment.
/home/jupyter-koustav/fine_tuning/test_p/15605351967620607915.wav,khetara dī uttara vicca sahela valloṃ ate dakkhaṇa ate pacchama vicca aṭalāṃṭika mahāṃsāgara valloṃ hadda bannhī hoī hai.,A female speaker speaks clearly in Punjabi with a natural tone and moderate pace in a quiet environment.
/home/jupyter-koustav/fine_tuning/test_p/5673194243202689307.wav,khetara dī uttara vicca sahela valloṃ ate dakkhaṇa ate pacchama vicca aṭalāṃṭika mahāṃsāgara valloṃ hadda bannhī hoī hai.,A female speaker speaks clearly in Punjabi with a natural tone and moderate pace in a quiet environment.
/home/jupyter-koustav/fine_tuning/test_p/9464068459381519511.wav,"nīṃda rukāvaṭa, tuhāḍī āma nīṃda de sameṃ daurāna jagāuṇa ate thor̤e sameṃ bāada (10-60 miṃṭa) dubārā sauṇa dī udeśapūrana prakiriā hai.",A female speaker speaks clearly in Punjabi with a natural tone and moderate pace in a quiet environment.
/home/jupyter-koustav/fine_tuning/test_p/14845585016580983957.wav,"nīṃda rukāvaṭa, tuhāḍī āma nīṃda de sameṃ daurāna jagāuṇa ate thor̤e sameṃ bāada (10-60 miṃṭa) dubārā sauṇa dī udeśapūrana prakiriā hai.",A female speaker speaks clearly in Punjabi with a natural tone and moderate pace in a quiet environment.
/home/jupyter-koustav/fine_tuning/test_p/3413961066348841597.wav,"varacuala sakāpholaḍa sāphaṭaveara vicca śāmala kīte gae hana ate ihanāṃ dā maṃtava ajihe uhanāṃ prakiriāvāṃ bāre savāla karanā, proṃpaṭa karanā ate samajhāuṇā hai jo vidiārathī nūṃ ikalle najiṭṭhaṇa vicca muśakala rahīāṃ hana.",A female speaker speaks clearly in Punjabi with a natural tone and moderate pace in a quiet environment.
/home/jupyter-koustav/fine_tuning/test_p/9442475844593526445.wav,hiūna ne asatīfā de dittā hai ate kaibaniṭa vicca uhanāṃ dī jag_hā saṃsada maiṃbara aiḍa ḍevī laiṇage. umīda kītī jā rahī hai ki saṃsada maiṃbara nauramana laiṃba kārobāra maṃtarī de ahude nūṃ saṃbhālaṇage jo ki ḍevī valloṃ khālī kītā jā rihā hai.,A female speaker speaks clearly in Punjabi with a natural tone and moderate pace in a quiet environment.
/home/jupyter-koustav/fine_tuning/test_p/2667822421207376598.wav,"sabbhiatā śabada laiṭina sabbhiatā toṃ āiā hai jisadā aratha hai nāgarika, laiṭina nāgarika nāla saṃbaṃdhita hai, jisadā aratha hai nāgarika ate nāgarikatā, jisadā aratha hai śahira jāṃ śahira-rāja ate iha kise vī prakāra de samāja de ākāra nūṃ paribhāśita karadā hai.",A female speaker speaks clearly in Punjabi with a natural tone and moderate pace in a quiet environment.
/home/jupyter-koustav/fine_tuning/test_p/9273032001296312424.wav,"sabbhiatā śabada laiṭina sabbhiatā toṃ āiā hai jisadā aratha hai nāgarika, laiṭina nāgarika nāla saṃbaṃdhita hai, jisadā aratha hai nāgarika ate nāgarikatā, jisadā aratha hai śahira jāṃ śahira-rāja ate iha kise vī prakāra de samāja de ākāra nūṃ paribhāśita karadā hai.",A female speaker speaks clearly in Punjabi with a natural tone and moderate pace in a quiet environment.
/home/jupyter-koustav/fine_tuning/test_p/13366245730497613217.wav,"sabbhiatā śabada laiṭina sabbhiatā toṃ āiā hai jisadā aratha hai nāgarika, laiṭina nāgarika nāla saṃbaṃdhita hai, jisadā aratha hai nāgarika ate nāgarikatā, jisadā aratha hai śahira jāṃ śahira-rāja ate iha kise vī prakāra de samāja de ākāra nūṃ paribhāśita karadā hai.",A female speaker speaks clearly in Punjabi with a natural tone and moderate pace in a quiet environment.
/home/jupyter-koustav/fine_tuning/test_p/10901753987864828959.wav,"uttama sarīra vālā athalīṭa, ṭāīgara darakkhata ‘te car̤ha sakadā hai (hālāṃki pūrī tarhā nahīṃ), taira sakadā hai, laṃbī dūrīāṃ ‘te chāla māra sakadā hai ate ikka tākatavara manukkha de mukābale paṃja guṇā tākata nāla khicca sakadā hai.",A female speaker speaks clearly in Punjabi with a natural tone and moderate pace in a quiet environment.
/home/jupyter-koustav/fine_tuning/test_p/17079631343074263529.wav,"uttama sarīra vālā athalīṭa, ṭāīgara darakkhata ‘te car̤ha sakadā hai (hālāṃki pūrī tarhā nahīṃ), taira sakadā hai, laṃbī dūrīāṃ ‘te chāla māra sakadā hai ate ikka tākatavara manukkha de mukābale paṃja guṇā tākata nāla khicca sakadā hai.",A female speaker speaks clearly in Punjabi with a natural tone and moderate pace in a quiet environment.
/home/jupyter-koustav/fine_tuning/test_p/17999507009095337481.wav,"uttama sarīra vālā athalīṭa, ṭāīgara darakkhata ‘te car̤ha sakadā hai (hālāṃki pūrī tarhā nahīṃ), taira sakadā hai, laṃbī dūrīāṃ ‘te chāla māra sakadā hai ate ikka tākatavara manukkha de mukābale paṃja guṇā tākata nāla khicca sakadā hai.",A female speaker speaks clearly in Punjabi with a natural tone and moderate pace in a quiet environment.
/home/jupyter-koustav/fine_tuning/test_p/12201767876505089273.wav,"hālāṃki iha ikalautā, prayoga nahīṃ hai, ate ikka prayoga ikka ajihā parīkhaṇa huṃdā hai jo savāla karake, ate nirīkhaṇāṃ rāhīṃ ikka jāṃ ikka toṃ vaddha saṃbhava dhāraṇāvāṃ nūṃ khatama karana ate vigiānaka khoja dī agavāī karana laī varatiā jāṃdā hai.",A female speaker speaks clearly in Punjabi with a natural tone and moderate pace in a quiet environment.
/home/jupyter-koustav/fine_tuning/test_p/13868856736312657360.wav,"hālāṃki iha ikalautā, prayoga nahīṃ hai, ate ikka prayoga ikka ajihā parīkhaṇa huṃdā hai jo savāla karake, ate nirīkhaṇāṃ rāhīṃ ikka jāṃ ikka toṃ vaddha saṃbhava dhāraṇāvāṃ nūṃ khatama karana ate vigiānaka khoja dī agavāī karana laī varatiā jāṃdā hai.",A female speaker speaks clearly in Punjabi with a natural tone and moderate pace in a quiet environment.
/home/jupyter-koustav/fine_tuning/test_p/11115142989584628618.wav,ṭailīvizana dīāṃ riporaṭāṃ vicca paude viccoṃ ciṭṭā dhūṃāṃ nikaladā hoiā dikhāiā giā.,A female speaker speaks clearly in Punjabi with a natural tone and moderate pace in a quiet environment.
/home/jupyter-koustav/fine_tuning/test_p/6508843180399145817.wav,ṭailīvizana dīāṃ riporaṭāṃ vicca paude viccoṃ ciṭṭā dhūṃāṃ nikaladā hoiā dikhāiā giā.,A female speaker speaks clearly in Punjabi with a natural tone and moderate pace in a quiet environment.
/home/jupyter-koustav/fine_tuning/test_p/2978610248746872047.wav,"romāṃcakatā vicca goetha, phicaṭa ate śalegala varage lekhakāṃ toṃ prāpata sabbhiācāraka niradhāraṇavāda dī ikka vaḍḍī bhūmikā sī.",A female speaker speaks clearly in Punjabi with a natural tone and moderate pace in a quiet environment.
/home/jupyter-koustav/fine_tuning/test_p/9880909309569190695.wav,"romāṃcakatā vicca goetha, phicaṭa ate śalegala varage lekhakāṃ toṃ prāpata sabbhiācāraka niradhāraṇavāda dī ikka vaḍḍī bhūmikā sī.",A female speaker speaks clearly in Punjabi with a natural tone and moderate pace in a quiet environment.
/home/jupyter-koustav/fine_tuning/test_p/2075271173413629810.wav,"romāṃcakatā vicca goetha, phicaṭa ate śalegala varage lekhakāṃ toṃ prāpata sabbhiācāraka niradhāraṇavāda dī ikka vaḍḍī bhūmikā sī.",A female speaker speaks clearly in Punjabi with a natural tone and moderate pace in a quiet environment.
/home/jupyter-koustav/fine_tuning/test_p/4970915581934302507.wav,"natīje vajoṃ, macchīāṃ dīāṃ do prajātīāṃ alopa ho gaīāṃ hana, ate haṃpabaika cabba sameta, do hora k͟hatare vicca hana.",A female speaker speaks clearly in Punjabi with a natural tone and moderate pace in a quiet environment.
/home/jupyter-koustav/fine_tuning/test_p/15952603933894953496.wav,"natīje vajoṃ, macchīāṃ dīāṃ do prajātīāṃ alopa ho gaīāṃ hana, ate haṃpabaika cabba sameta, do hora k͟hatare vicca hana.",A female speaker speaks clearly in Punjabi with a natural tone and moderate pace in a quiet environment.
/home/jupyter-koustav/fine_tuning/test_p/1494182730793379617.wav,"doveṃ sukke cūranāṃ nūṃ ikkaṭhiāṃ milāo ate phera, sāfa gille hatthāṃ nāla, ihanāṃ nūṃ bāla vicca nicor̤o.",A female speaker speaks clearly in Punjabi with a natural tone and moderate pace in a quiet environment.
/home/jupyter-koustav/fine_tuning/test_p/7029172141654555492.wav,"doveṃ sukke cūranāṃ nūṃ ikkaṭhiāṃ milāo ate phera, sāfa gille hatthāṃ nāla, ihanāṃ nūṃ bāla vicca nicor̤o.",A female speaker speaks clearly in Punjabi with a natural tone and moderate pace in a quiet environment.
/home/jupyter-koustav/fine_tuning/test_p/15265729701959279237.wav,iha mārīā de heṭhāṃ patalā ate hāīlaiṃḍasa de heṭhāṃ saṃghaṇā huṃdā hai.,A female speaker speaks clearly in Punjabi with a natural tone and moderate pace in a quiet environment.
/home/jupyter-koustav/fine_tuning/test_p/15684239953063292764.wav,iha mārīā de heṭhāṃ patalā ate hāīlaiṃḍasa de heṭhāṃ saṃghaṇā huṃdā hai.,A female speaker speaks clearly in Punjabi with a natural tone and moderate pace in a quiet environment.
/home/jupyter-koustav/fine_tuning/test_p/11617633063073580738.wav,iha mārīā de heṭhāṃ patalā ate hāīlaiṃḍasa de heṭhāṃ saṃghaṇā huṃdā hai.,A female speaker speaks clearly in Punjabi with a natural tone and moderate pace in a quiet environment.
/home/jupyter-koustav/fine_tuning/test_p/1281253175353040934.wav,"jisa tarhāṃ caṃdaramā dharatī 'te ikka khicca paidā karadā hai, jo ki javāra-bhāṭe dā kārana baṇadā hai, ise tarhāṃ akāśagaṃgā dhunī tārā maṃḍala 'te zora pāuṃdī hai.",A female speaker speaks clearly in Punjabi with a natural tone and moderate pace in a quiet environment.
/home/jupyter-koustav/fine_tuning/test_p/16932982260385449914.wav,"jisa tarhāṃ caṃdaramā dharatī 'te ikka khicca paidā karadā hai, jo ki javāra-bhāṭe dā kārana baṇadā hai, ise tarhāṃ akāśagaṃgā dhunī tārā maṃḍala 'te zora pāuṃdī hai.",A female speaker speaks clearly in Punjabi with a natural tone and moderate pace in a quiet environment.
/home/jupyter-koustav/fine_tuning/test_p/3999217481740383581.wav,"jisa tarhāṃ caṃdaramā dharatī 'te ikka khicca paidā karadā hai, jo ki javāra-bhāṭe dā kārana baṇadā hai, ise tarhāṃ akāśagaṃgā dhunī tārā maṃḍala 'te zora pāuṃdī hai.",A female speaker speaks clearly in Punjabi with a natural tone and moderate pace in a quiet environment.
/home/jupyter-koustav/fine_tuning/test_p/3959518067581434948.wav,"kītā giā kamma ziādātara sidhāṃtaka sī, para iha progarāma saijīṭerīasa gailaikasī de baṇe nirīkhaṇa dī nakala karana laī likhiā giā sī.",A female speaker speaks clearly in Punjabi with a natural tone and moderate pace in a quiet environment.
/home/jupyter-koustav/fine_tuning/test_p/8709612387019745168.wav,"kītā giā kamma ziādātara sidhāṃtaka sī, para iha progarāma saijīṭerīasa gailaikasī de baṇe nirīkhaṇa dī nakala karana laī likhiā giā sī.",A female speaker speaks clearly in Punjabi with a natural tone and moderate pace in a quiet environment.
/home/jupyter-koustav/fine_tuning/test_p/9367818492963318343.wav,"mahāna pirāmiḍa, tījī sadī īsā pūrava vicca misarīāṃ valloṃ mirataka fairoha de ādara vicca baṇāe gae kaī vaḍḍe pirāmiḍa ḍhāṃciāṃ vicoṃ ikka hai.",A female speaker speaks clearly in Punjabi with a natural tone and moderate pace in a quiet environment.
/home/jupyter-koustav/fine_tuning/test_p/1840095226058071701.wav,"jekara tuhānūṃ deśa dīāṃ sar̤akāṃ uppara ḍrāīviṃga karana dā abhiāsa nahīṃ hai, tāṃ āpaṇe bāre āpaṇī samajha rakkho: tībara greḍa, bhīr̤īāṃ galīāṃ, ate tikkhe mor̤a.",A female speaker speaks clearly in Punjabi with a natural tone and moderate pace in a quiet environment.
/home/jupyter-koustav/fine_tuning/test_p/8759789147208411641.wav,"jekara tuhānūṃ deśa dīāṃ sar̤akāṃ uppara ḍrāīviṃga karana dā abhiāsa nahīṃ hai, tāṃ āpaṇe bāre āpaṇī samajha rakkho: tībara greḍa, bhīr̤īāṃ galīāṃ, ate tikkhe mor̤a.",A female speaker speaks clearly in Punjabi with a natural tone and moderate pace in a quiet environment.
/home/jupyter-koustav/fine_tuning/test_p/14172960079463566162.wav,"jekara tuhānūṃ deśa dīāṃ sar̤akāṃ uppara ḍrāīviṃga karana dā abhiāsa nahīṃ hai, tāṃ āpaṇe bāre āpaṇī samajha rakkho: tībara greḍa, bhīr̤īāṃ galīāṃ, ate tikkhe mor̤a.",A female speaker speaks clearly in Punjabi with a natural tone and moderate pace in a quiet environment.
/home/jupyter-koustav/fine_tuning/test_p/13112238605002509047.wav,isalaī isa phāramaiṭa dā anupāta (pūraṇa saṃkhiā dā sarala anupāta prāpata karana laī bārhāṃ nāla bhāga karanā) 3:2 kihā jāṃdā hai.,A female speaker speaks clearly in Punjabi with a natural tone and moderate pace in a quiet environment.
/home/jupyter-koustav/fine_tuning/test_p/3195858326291293783.wav,"25 ḍanalaipa boraḍasāīḍa aje vī maujūda hana, jo ki dasatāveza dīāṃ sabha toṃ purāṇīāṃ kāpīāṃ hana. asala likhata dī kāpī nahīṃ bacī hai.",A female speaker speaks clearly in Punjabi with a natural tone and moderate pace in a quiet environment.
/home/jupyter-koustav/fine_tuning/test_p/2024296989991829131.wav,"25 ḍanalaipa boraḍasāīḍa aje vī maujūda hana, jo ki dasatāveza dīāṃ sabha toṃ purāṇīāṃ kāpīāṃ hana. asala likhata dī kāpī nahīṃ bacī hai.",A female speaker speaks clearly in Punjabi with a natural tone and moderate pace in a quiet environment.
/home/jupyter-koustav/fine_tuning/test_p/3341976864884112318.wav,"25 ḍanalaipa boraḍasāīḍa aje vī maujūda hana, jo ki dasatāveza dīāṃ sabha toṃ purāṇīāṃ kāpīāṃ hana. asala likhata dī kāpī nahīṃ bacī hai.",A female speaker speaks clearly in Punjabi with a natural tone and moderate pace in a quiet environment.
/home/jupyter-koustav/fine_tuning/test_p/9523318859027492348.wav,"līka de anusāra, dasatāveza, haddāṃ de vivāda dā ulekha karegā, jo pelisatīna 1967 de maddhapūrava yuddha toṃ pahilāṃ haddāṃ de ādhāra 'te cāhuṃdā sī.",A female speaker speaks clearly in Punjabi with a natural tone and moderate pace in a quiet environment.
/home/jupyter-koustav/fine_tuning/test_p/11531492202563779670.wav,"jaṃga de samāpata hoṇa de do sālāṃ bāada, purāṇe mittara rāśaṭara huṇa ikka dūje de duśamaṇa sī ate śīta jaṃga śurū ho gaī sī.",A female speaker speaks clearly in Punjabi with a natural tone and moderate pace in a quiet environment.
/home/jupyter-koustav/fine_tuning/test_p/12692473397919239205.wav,"jaṃga de samāpata hoṇa de do sālāṃ bāada, purāṇe mittara rāśaṭara huṇa ikka dūje de duśamaṇa sī ate śīta jaṃga śurū ho gaī sī.",A female speaker speaks clearly in Punjabi with a natural tone and moderate pace in a quiet environment.
/home/jupyter-koustav/fine_tuning/test_p/16613065030835004354.wav,krāṃtī de bāada puraśa binaikārāṃ laī kitte khullhe sana jihanāṃ vicca sabha toṃ utaśāhī ate saphala loka sāhamaṇe āe.,A female speaker speaks clearly in Punjabi with a natural tone and moderate pace in a quiet environment.
/home/jupyter-koustav/fine_tuning/test_p/11385526447972984680.wav,ābhāsī khetarī yātarā kise vī kalāsarūma dā ikka vaḍḍā hissā hana. akasara ikka adhiāpaka āpaṇe vidiārathīāṃ nūṃ ajihe sathānāṃ 'te lai ke jāṇa cāhuṃṇage jitthe bassa yātarā ikka vikalapa nahīṃ huṃdī.,A female speaker speaks clearly in Punjabi with a natural tone and moderate pace in a quiet environment.
/home/jupyter-koustav/fine_tuning/test_p/10527153207219686791.wav,ābhāsī khetarī yātarā kise vī kalāsarūma dā ikka vaḍḍā hissā hana. akasara ikka adhiāpaka āpaṇe vidiārathīāṃ nūṃ ajihe sathānāṃ 'te lai ke jāṇa cāhuṃṇage jitthe bassa yātarā ikka vikalapa nahīṃ huṃdī.,A female speaker speaks clearly in Punjabi with a natural tone and moderate pace in a quiet environment.
/home/jupyter-koustav/fine_tuning/test_p/2824805972887732197.wav,"bārasīlonā dīāṃ adhikārata bhāśāvāṃ kaiṭelonīāī ate sapainiśa hana. lagabhaga addhe loka kaiṭelonīāī bolaṇa nūṃ tarajīha diṃde hana, ikka bahuta vaḍḍā hissā isanūṃ samajhadā hai, ate asalī taura ‘te hara koī sapainiśa jāṇadā hai.",A female speaker speaks clearly in Punjabi with a natural tone and moderate pace in a quiet environment.
/home/jupyter-koustav/fine_tuning/test_p/5729702549203671706.wav,"bārasīlonā dīāṃ adhikārata bhāśāvāṃ kaiṭelonīāī ate sapainiśa hana. lagabhaga addhe loka kaiṭelonīāī bolaṇa nūṃ tarajīha diṃde hana, ikka bahuta vaḍḍā hissā isanūṃ samajhadā hai, ate asalī taura ‘te hara koī sapainiśa jāṇadā hai.",A female speaker speaks clearly in Punjabi with a natural tone and moderate pace in a quiet environment.
/home/jupyter-koustav/fine_tuning/test_p/12730853271132161040.wav,"bārasīlonā dīāṃ adhikārata bhāśāvāṃ kaiṭelonīāī ate sapainiśa hana. lagabhaga addhe loka kaiṭelonīāī bolaṇa nūṃ tarajīha diṃde hana, ikka bahuta vaḍḍā hissā isanūṃ samajhadā hai, ate asalī taura ‘te hara koī sapainiśa jāṇadā hai.",A female speaker speaks clearly in Punjabi with a natural tone and moderate pace in a quiet environment.
/home/jupyter-koustav/fine_tuning/test_p/1148528090321760235.wav,"hāṃga-kāṃga dā bihatarīna nazārā dekhaṇa laī, ṭāpū toṃ bāhara ā ke kāūlūna baṃdaragāha valla jāo.",A female speaker speaks clearly in Punjabi with a natural tone and moderate pace in a quiet environment.
/home/jupyter-koustav/fine_tuning/test_p/6913646831483312566.wav,"hāṃga-kāṃga dā bihatarīna nazārā dekhaṇa laī, ṭāpū toṃ bāhara ā ke kāūlūna baṃdaragāha valla jāo.",A female speaker speaks clearly in Punjabi with a natural tone and moderate pace in a quiet environment.
/home/jupyter-koustav/fine_tuning/test_p/1677762014823335821.wav,"hāṃga-kāṃga dā bihatarīna nazārā dekhaṇa laī, ṭāpū toṃ bāhara ā ke kāūlūna baṃdaragāha valla jāo.",A female speaker speaks clearly in Punjabi with a natural tone and moderate pace in a quiet environment.
/home/jupyter-koustav/fine_tuning/test_p/5606163018375349393.wav,"jiveṃ hī grīka de giāna vicca kamī āī, pacchama ne khuda nūṃ isa grīka dāraśanika ate vigiānika jar̤āṃ nāloṃ kaṭṭa dittā.",A female speaker speaks clearly in Punjabi with a natural tone and moderate pace in a quiet environment.
/home/jupyter-koustav/fine_tuning/test_p/3425131280710475869.wav,"jiveṃ hī grīka de giāna vicca kamī āī, pacchama ne khuda nūṃ isa grīka dāraśanika ate vigiānika jar̤āṃ nāloṃ kaṭṭa dittā.",A female speaker speaks clearly in Punjabi with a natural tone and moderate pace in a quiet environment.
/home/jupyter-koustav/fine_tuning/test_p/18436013957704268982.wav,"jiveṃ hī grīka de giāna vicca kamī āī, pacchama ne khuda nūṃ isa grīka dāraśanika ate vigiānika jar̤āṃ nāloṃ kaṭṭa dittā.",A female speaker speaks clearly in Punjabi with a natural tone and moderate pace in a quiet environment.
/home/jupyter-koustav/fine_tuning/test_p/13274358157120862383.wav,"sakailapholaḍiṃga sikkhaṇa dā ika tarīkā nahīṃ hai, balaki ika sahāitā hai jo unhāṃ lokāṃ nūṃ sahāitā pradāna karadā hai, jo sikkhaṇa de ika naveṃ anubhava vicoṃ guzara rahe hana, jiveṃ ki ika naveṃ kaṃpiūṭara progarāma dī varatoṃ karanā jāṃ ika navīṃ yojanā dī śurūāta karanā.",A female speaker speaks clearly in Punjabi with a natural tone and moderate pace in a quiet environment.
/home/jupyter-koustav/fine_tuning/test_p/8006823990546573488.wav,isa ne pāṇī de aṃdara āuṇa vālī hara cīza utte hamalā kītā itthe takka ki ṭī.raikasa varage viśāla ḍāināsora dā vī isa nāla koī mukābalā nahīṃ.,A female speaker speaks clearly in Punjabi with a natural tone and moderate pace in a quiet environment.
/home/jupyter-koustav/fine_tuning/test_p/4317401937823528605.wav,isa ne pāṇī de aṃdara āuṇa vālī hara cīza utte hamalā kītā itthe takka ki ṭī.raikasa varage viśāla ḍāināsora dā vī isa nāla koī mukābalā nahīṃ.,A female speaker speaks clearly in Punjabi with a natural tone and moderate pace in a quiet environment.
/home/jupyter-koustav/fine_tuning/test_p/6611740590367129363.wav,suṃdarabana nūṃ yūnaisako dā viśava virāsata sathāna ghośita kara dittā giā hai. bhāratī khetara de aṃdara jaṃgalī hisse nūṃ suṃdarabana naiśanala pāraka kihā jāṃdā hai.,A female speaker speaks clearly in Punjabi with a natural tone and moderate pace in a quiet environment.
/home/jupyter-koustav/fine_tuning/test_p/11241747744947086887.wav,suṃdarabana nūṃ yūnaisako dā viśava virāsata sathāna ghośita kara dittā giā hai. bhāratī khetara de aṃdara jaṃgalī hisse nūṃ suṃdarabana naiśanala pāraka kihā jāṃdā hai.,A female speaker speaks clearly in Punjabi with a natural tone and moderate pace in a quiet environment.
/home/jupyter-koustav/fine_tuning/test_p/16618983598912242899.wav,vigiānī iha siṭṭā kaḍḍhaṇa de yoga sī ki hanera padāratha (ḍāraka maiṭara) dūje hanera padāratha nūṃ use tarīke nāla prabhāvita karadā hai jisa tarīke nāla niyamata padāratha karadā hai.,A female speaker speaks clearly in Punjabi with a natural tone and moderate pace in a quiet environment.
/home/jupyter-koustav/fine_tuning/test_p/5135697373784652050.wav,gavaranara janarala de daphatara de bāhara ikka baṃba phaṭṭiā.,A female speaker speaks clearly in Punjabi with a natural tone and moderate pace in a quiet environment.
/home/jupyter-koustav/fine_tuning/test_p/2006443490325008011.wav,gavaranara janarala de daphatara de bāhara ikka baṃba phaṭṭiā.,A female speaker speaks clearly in Punjabi with a natural tone and moderate pace in a quiet environment.
/home/jupyter-koustav/fine_tuning/test_p/10466675201505061935.wav,gavaranara janarala de daphatara de bāhara ikka baṃba phaṭṭiā.,A female speaker speaks clearly in Punjabi with a natural tone and moderate pace in a quiet environment.
/home/jupyter-koustav/fine_tuning/test_p/108948817374613608.wav,"phinalaiṃḍa boṭiṃga laī ikka adabhuta jag_hā hai. ""hazāra jhīlāṃ dī dharatī"" vicca jhīlāṃ vicca ate mahādavīpa diāṃ samūhāṃ vicca hazārāṃ ṭāpū vī maujūda hana.",A female speaker speaks clearly in Punjabi with a natural tone and moderate pace in a quiet environment.
/home/jupyter-koustav/fine_tuning/test_p/5350211698065312459.wav,"iha talachaṭa reta ate samuṃdara taṭa baṇāuṇa laī zarūrī sī, jo ki jaṃgalī jānavarāṃ de rahiṇa de rūpa vicca kamma karadā sī.",A female speaker speaks clearly in Punjabi with a natural tone and moderate pace in a quiet environment.
/home/jupyter-koustav/fine_tuning/test_p/2438344161651952363.wav,"iha talachaṭa reta ate samuṃdara taṭa baṇāuṇa laī zarūrī sī, jo ki jaṃgalī jānavarāṃ de rahiṇa de rūpa vicca kamma karadā sī.",A female speaker speaks clearly in Punjabi with a natural tone and moderate pace in a quiet environment.
/home/jupyter-koustav/fine_tuning/test_p/9466769879522770488.wav,asaṭrelīā de micala gauralī ne puraśāṃ de saṭaiṃḍiṃga supara-jī vicca giārā sathāna hāsala kītā. caikka virodhī olaḍarika jainerica ne puraśāṃ de sīṭiṃga supara-jī vicca solhavāṃ sathāna hāsala kītā.,A female speaker speaks clearly in Punjabi with a natural tone and moderate pace in a quiet environment.
/home/jupyter-koustav/fine_tuning/test_p/991393007099383171.wav,asaṭrelīā de micala gauralī ne puraśāṃ de saṭaiṃḍiṃga supara-jī vicca giārā sathāna hāsala kītā. caikka virodhī olaḍarika jainerica ne puraśāṃ de sīṭiṃga supara-jī vicca solhavāṃ sathāna hāsala kītā.,A female speaker speaks clearly in Punjabi with a natural tone and moderate pace in a quiet environment.
/home/jupyter-koustav/fine_tuning/test_p/18045744287284037419.wav,sāthī pahilavānāṃ ne vī lunā nūṃ śaradhāṃjalī bheṭa kītī.,A female speaker speaks clearly in Punjabi with a natural tone and moderate pace in a quiet environment.
/home/jupyter-koustav/fine_tuning/test_p/12101472020005315864.wav,sāthī pahilavānāṃ ne vī lunā nūṃ śaradhāṃjalī bheṭa kītī.,A female speaker speaks clearly in Punjabi with a natural tone and moderate pace in a quiet environment.
/home/jupyter-koustav/fine_tuning/test_p/15811686475239827945.wav,"isane sānūṃ ṭrena, kāra ate hora bahuta sāre āvājāī de sādhana ditte hana.",A female speaker speaks clearly in Punjabi with a natural tone and moderate pace in a quiet environment.
/home/jupyter-koustav/fine_tuning/test_p/17665016907778123670.wav,"isane sānūṃ ṭrena, kāra ate hora bahuta sāre āvājāī de sādhana ditte hana.",A female speaker speaks clearly in Punjabi with a natural tone and moderate pace in a quiet environment.
/home/jupyter-koustav/fine_tuning/test_p/5993175427697696054.wav,"sanna 1537 vicca asisaṭona dī sathāpanā toṃ lai ke, pairāgue ne āpaṇe desī viseśatā ate pachāṇa dā bahuta sārā hissā kāima rakkhiā.",A female speaker speaks clearly in Punjabi with a natural tone and moderate pace in a quiet environment.
/home/jupyter-koustav/fine_tuning/test_p/14334522170833875647.wav,"sanna 1537 vicca asisaṭona dī sathāpanā toṃ lai ke, pairāgue ne āpaṇe desī viseśatā ate pachāṇa dā bahuta sārā hissā kāima rakkhiā.",A female speaker speaks clearly in Punjabi with a natural tone and moderate pace in a quiet environment.
/home/jupyter-koustav/fine_tuning/test_p/18172255025678799421.wav,"iha kaī vāra bhīr̤a nāla bharīāṃ hoīāṃ parivāraka bīcāṃ huṃdīāṃ hana, jitthe tuhānūṃ kināre ‘te bahuta sārīāṃ dukānāṃ milaṇagīāṃ. tairākī karanā surakkhiata hai.",A female speaker speaks clearly in Punjabi with a natural tone and moderate pace in a quiet environment.
/home/jupyter-koustav/fine_tuning/test_p/11963152459994166434.wav,"iha kaī vāra bhīr̤a nāla bharīāṃ hoīāṃ parivāraka bīcāṃ huṃdīāṃ hana, jitthe tuhānūṃ kināre ‘te bahuta sārīāṃ dukānāṃ milaṇagīāṃ. tairākī karanā surakkhiata hai.",A female speaker speaks clearly in Punjabi with a natural tone and moderate pace in a quiet environment.
/home/jupyter-koustav/fine_tuning/test_p/4144526126020651097.wav,"iha kaī vāra bhīr̤a nāla bharīāṃ hoīāṃ parivāraka bīcāṃ huṃdīāṃ hana, jitthe tuhānūṃ kināre ‘te bahuta sārīāṃ dukānāṃ milaṇagīāṃ. tairākī karanā surakkhiata hai.",A female speaker speaks clearly in Punjabi with a natural tone and moderate pace in a quiet environment.
/home/jupyter-koustav/fine_tuning/test_p/3683112638415344147.wav,"usadā kamma ajihī mānatā prāpata guṇavatā ate visathārapūravaka hai ki uha philaiṭalisaṭasa vicca bahuta ""maśahūra"" hai. kujha loka usa de kamma nūṃ ikkaṭhā karana vicca māhara hana.",A female speaker speaks clearly in Punjabi with a natural tone and moderate pace in a quiet environment.
/home/jupyter-koustav/fine_tuning/test_p/10217761447980730728.wav,"""iha k͟hatama hoṇa nahīṃ jā rihā. iha ikka adhiāi dā aṃta ate ikka navāṃ adhiāi hai.""",A female speaker speaks clearly in Punjabi with a natural tone and moderate pace in a quiet environment.
/home/jupyter-koustav/fine_tuning/test_p/10966951606051187168.wav,"""iha k͟hatama hoṇa nahīṃ jā rihā. iha ikka adhiāi dā aṃta ate ikka navāṃ adhiāi hai.""",A female speaker speaks clearly in Punjabi with a natural tone and moderate pace in a quiet environment.
/home/jupyter-koustav/fine_tuning/test_p/18139527431740429847.wav,"""iha k͟hatama hoṇa nahīṃ jā rihā. iha ikka adhiāi dā aṃta ate ikka navāṃ adhiāi hai.""",A female speaker speaks clearly in Punjabi with a natural tone and moderate pace in a quiet environment.
/home/jupyter-koustav/fine_tuning/test_p/5647187820405353590.wav,"ikka vāilaḍa kāraḍa kharīdaṇā kise viakatī laī vī lābhadāika ho sakadā hai, jo dakkhaṇī afarīkā de cuṇiṃde pārakāṃ jāṃ dakkhaṇī afarīkā de sāre rāśaṭarī pārakāṃ vicca praveśa pradāna karadā hai.",A female speaker speaks clearly in Punjabi with a natural tone and moderate pace in a quiet environment.
/home/jupyter-koustav/fine_tuning/test_p/11542659778897049650.wav,"ikka vāilaḍa kāraḍa kharīdaṇā kise viakatī laī vī lābhadāika ho sakadā hai, jo dakkhaṇī afarīkā de cuṇiṃde pārakāṃ jāṃ dakkhaṇī afarīkā de sāre rāśaṭarī pārakāṃ vicca praveśa pradāna karadā hai.",A female speaker speaks clearly in Punjabi with a natural tone and moderate pace in a quiet environment.
/home/jupyter-koustav/fine_tuning/test_p/16421041771586603179.wav,"arasatū, ika dāśanika, dassiā ki sabha kujha ika jāṃ cāra tattāṃ de ika miśarana nāla baṇiā hai. iha miṭṭī, pāṇī, havā ate agga sana.",A female speaker speaks clearly in Punjabi with a natural tone and moderate pace in a quiet environment.
/home/jupyter-koustav/fine_tuning/test_p/14470578090779491378.wav,"arasatū, ika dāśanika, dassiā ki sabha kujha ika jāṃ cāra tattāṃ de ika miśarana nāla baṇiā hai. iha miṭṭī, pāṇī, havā ate agga sana.",A female speaker speaks clearly in Punjabi with a natural tone and moderate pace in a quiet environment.
/home/jupyter-koustav/fine_tuning/test_p/17248308721229579390.wav,lokāṃ nūṃ samāroha dikhāuṇa laī roma vicca kaī thāvāṃ 'te vaḍḍīāṃ-vaḍḍīāṃ ṭailīvizana sakrīnāṃ sathāpita kītīāṃ gaīāṃ.,A female speaker speaks clearly in Punjabi with a natural tone and moderate pace in a quiet environment.
/home/jupyter-koustav/fine_tuning/test_p/10982978641423879005.wav,lokāṃ nūṃ samāroha dikhāuṇa laī roma vicca kaī thāvāṃ 'te vaḍḍīāṃ-vaḍḍīāṃ ṭailīvizana sakrīnāṃ sathāpita kītīāṃ gaīāṃ.,A female speaker speaks clearly in Punjabi with a natural tone and moderate pace in a quiet environment.
/home/jupyter-koustav/fine_tuning/test_p/3442926273285832217.wav,lokāṃ nūṃ samāroha dikhāuṇa laī roma vicca kaī thāvāṃ 'te vaḍḍīāṃ-vaḍḍīāṃ ṭailīvizana sakrīnāṃ sathāpita kītīāṃ gaīāṃ.,A female speaker speaks clearly in Punjabi with a natural tone and moderate pace in a quiet environment.
/home/jupyter-koustav/fine_tuning/test_p/3557982642987227072.wav,sanna 1963 vicca ḍaima de baṇana toṃ bāada nadī vicca gaṃdagī phailāuṇa vāle mausamī har̤ha ruka gae sana.,A female speaker speaks clearly in Punjabi with a natural tone and moderate pace in a quiet environment.
/home/jupyter-koustav/fine_tuning/test_p/9479523704585685776.wav,sanna 1963 vicca ḍaima de baṇana toṃ bāada nadī vicca gaṃdagī phailāuṇa vāle mausamī har̤ha ruka gae sana.,A female speaker speaks clearly in Punjabi with a natural tone and moderate pace in a quiet environment.
/home/jupyter-koustav/fine_tuning/test_p/8560832063378293477.wav,isa toṃ ilāvā hareka rājavaṃśa de vibhājita prāṃtāṃ dī asathira samāṃ sīmā sī. ihanāṃ viccoṃ sabha toṃ vaddha prasiddha samāṃ haina ate jina rājavaṃśa vicakāra 60 sālāṃ laī hoiā tinna rājadhānīāṃ dā yugga hai.,A female speaker speaks clearly in Punjabi with a natural tone and moderate pace in a quiet environment.
/home/jupyter-koustav/fine_tuning/test_p/944713795327015325.wav,isa toṃ ilāvā hareka rājavaṃśa de vibhājita prāṃtāṃ dī asathira samāṃ sīmā sī. ihanāṃ viccoṃ sabha toṃ vaddha prasiddha samāṃ haina ate jina rājavaṃśa vicakāra 60 sālāṃ laī hoiā tinna rājadhānīāṃ dā yugga hai.,A female speaker speaks clearly in Punjabi with a natural tone and moderate pace in a quiet environment.
/home/jupyter-koustav/fine_tuning/test_p/7483125670418863504.wav,isa toṃ ilāvā hareka rājavaṃśa de vibhājita prāṃtāṃ dī asathira samāṃ sīmā sī. ihanāṃ viccoṃ sabha toṃ vaddha prasiddha samāṃ haina ate jina rājavaṃśa vicakāra 60 sālāṃ laī hoiā tinna rājadhānīāṃ dā yugga hai.,A female speaker speaks clearly in Punjabi with a natural tone and moderate pace in a quiet environment.
/home/jupyter-koustav/fine_tuning/test_p/15335677012790622425.wav,"paude ākasījana paidā karade hana jisa nāla manukkha sāha laiṃde hana, ate uha kārabana ḍāiākasāīḍa laiṃde hana jo uha manukkha chaḍḍade hana (bhāva sāha laiṇā ate chaḍḍaṇā).",A female speaker speaks clearly in Punjabi with a natural tone and moderate pace in a quiet environment.
/home/jupyter-koustav/fine_tuning/test_p/15185049990723743577.wav,"iha pula sataṃbara 2017 vicca pūrī tarhāṃ cālū hoṇa vālā hai, jadoṃ brāzīla dīāṃ kasaṭama caukīāṃ de mukammala hoṇa dī umīda hai.",A female speaker speaks clearly in Punjabi with a natural tone and moderate pace in a quiet environment.
/home/jupyter-koustav/fine_tuning/test_p/15503521939216977443.wav,"iha pula sataṃbara 2017 vicca pūrī tarhāṃ cālū hoṇa vālā hai, jadoṃ brāzīla dīāṃ kasaṭama caukīāṃ de mukammala hoṇa dī umīda hai.",A female speaker speaks clearly in Punjabi with a natural tone and moderate pace in a quiet environment.
/home/jupyter-koustav/fine_tuning/test_p/15784683790431030460.wav,yūnīvarasiṭī de khojakaratāvāṃ ne kihā krisaṭala dā niramāṇa karana laī do miśarana āpasa vicca pratīkiriā karade hana jisa nāla kiḍanī dī kāraja praṇālī balauka ho sakadī hai.,A female speaker speaks clearly in Punjabi with a natural tone and moderate pace in a quiet environment.
/home/jupyter-koustav/fine_tuning/test_p/17967779647347564618.wav,yūnīvarasiṭī de khojakaratāvāṃ ne kihā krisaṭala dā niramāṇa karana laī do miśarana āpasa vicca pratīkiriā karade hana jisa nāla kiḍanī dī kāraja praṇālī balauka ho sakadī hai.,A female speaker speaks clearly in Punjabi with a natural tone and moderate pace in a quiet environment.
/home/jupyter-koustav/fine_tuning/test_p/15118954347749049361.wav,"hara usa viakatī nūṃ jo ucāī jāṃ pahār̤āṃ de rasate ‘te ḍarāīva karana jā rihā hai, usa nūṃ barafa, hima, jāṃ bahuta ziādā ṭhaṃḍe tāpamāna dī saṃbhāvanā nūṃ vicāra laiṇā cāhīdā hai.",A female speaker speaks clearly in Punjabi with a natural tone and moderate pace in a quiet environment.
/home/jupyter-koustav/fine_tuning/test_p/6550510961650846362.wav,"hara usa viakatī nūṃ jo ucāī jāṃ pahār̤āṃ de rasate ‘te ḍarāīva karana jā rihā hai, usa nūṃ barafa, hima, jāṃ bahuta ziādā ṭhaṃḍe tāpamāna dī saṃbhāvanā nūṃ vicāra laiṇā cāhīdā hai.",A female speaker speaks clearly in Punjabi with a natural tone and moderate pace in a quiet environment.
/home/jupyter-koustav/fine_tuning/test_p/14330460322346653521.wav,"hara usa viakatī nūṃ jo ucāī jāṃ pahār̤āṃ de rasate ‘te ḍarāīva karana jā rihā hai, usa nūṃ barafa, hima, jāṃ bahuta ziādā ṭhaṃḍe tāpamāna dī saṃbhāvanā nūṃ vicāra laiṇā cāhīdā hai.",A female speaker speaks clearly in Punjabi with a natural tone and moderate pace in a quiet environment.
/home/jupyter-koustav/fine_tuning/test_p/2565020611740497984.wav,use mahīne vicca ikka hora earalāīnara ne maśahada vikhe ikka ranave ‘te gherā pāiā ate ikka kaṃdha ‘te hamalā kītā jisa vicca satārāṃ lokāṃ dī mauta ho gaī.,A female speaker speaks clearly in Punjabi with a natural tone and moderate pace in a quiet environment.
/home/jupyter-koustav/fine_tuning/test_p/15003140384200761194.wav,use mahīne vicca ikka hora earalāīnara ne maśahada vikhe ikka ranave ‘te gherā pāiā ate ikka kaṃdha ‘te hamalā kītā jisa vicca satārāṃ lokāṃ dī mauta ho gaī.,A female speaker speaks clearly in Punjabi with a natural tone and moderate pace in a quiet environment.
/home/jupyter-koustav/fine_tuning/test_p/9741772145050958702.wav,"tusīṃ āpaṇe toṃ ilāvā sarakārāṃ toṃ salāha laiṇa dī icchā vī kara sakade ho, para uhanāṃ dī salāha uhanāṃ de nāgarikāṃ de anurūpa huṃdī hai.",A female speaker speaks clearly in Punjabi with a natural tone and moderate pace in a quiet environment.
/home/jupyter-koustav/fine_tuning/test_p/7293064871496306801.wav,"tusīṃ āpaṇe toṃ ilāvā sarakārāṃ toṃ salāha laiṇa dī icchā vī kara sakade ho, para uhanāṃ dī salāha uhanāṃ de nāgarikāṃ de anurūpa huṃdī hai.",A female speaker speaks clearly in Punjabi with a natural tone and moderate pace in a quiet environment.
/home/jupyter-koustav/fine_tuning/test_p/9293227715961824131.wav,"tusīṃ āpaṇe toṃ ilāvā sarakārāṃ toṃ salāha laiṇa dī icchā vī kara sakade ho, para uhanāṃ dī salāha uhanāṃ de nāgarikāṃ de anurūpa huṃdī hai.",A female speaker speaks clearly in Punjabi with a natural tone and moderate pace in a quiet environment.
/home/jupyter-koustav/fine_tuning/test_p/3244942792821223842.wav,pahilāṃ usanūṃ greṭa yāramūtha vicca jemaza pejaṭa hasapatāla vicca bharatī karavāiā giā sī.,A male speaker speaks clearly in Punjabi with a natural tone and moderate pace in a quiet environment.
/home/jupyter-koustav/fine_tuning/test_p/11050125537526517029.wav,"hādase toṃ bāada, gibbasana nūṃ hasapatāla pahuṃcāiā giā para thor̤hī dera bāada usadī mauta ho gaī.",A female speaker speaks clearly in Punjabi with a natural tone and moderate pace in a quiet environment.
/home/jupyter-koustav/fine_tuning/test_p/2989556161038904768.wav,"hādase toṃ bāada, gibbasana nūṃ hasapatāla pahuṃcāiā giā para thor̤hī dera bāada usadī mauta ho gaī.",A female speaker speaks clearly in Punjabi with a natural tone and moderate pace in a quiet environment.
/home/jupyter-koustav/fine_tuning/test_p/10695540541201012273.wav,"hādase toṃ bāada, gibbasana nūṃ hasapatāla pahuṃcāiā giā para thor̤hī dera bāada usadī mauta ho gaī.",A female speaker speaks clearly in Punjabi with a natural tone and moderate pace in a quiet environment.
/home/jupyter-koustav/fine_tuning/test_p/1756759295517126239.wav,"dūje pāse, barafa vālīāṃ ate barafabārī dīāṃ sathitīāṃ bahuta sāre deśāṃ vicca āma hana, ate āvājāī niravighana sārā sāla caladī rahiṃdī hai.",A female speaker speaks clearly in Punjabi with a natural tone and moderate pace in a quiet environment.
/home/jupyter-koustav/fine_tuning/test_p/17187627327749841492.wav,"dūje pāse, barafa vālīāṃ ate barafabārī dīāṃ sathitīāṃ bahuta sāre deśāṃ vicca āma hana, ate āvājāī niravighana sārā sāla caladī rahiṃdī hai.",A female speaker speaks clearly in Punjabi with a natural tone and moderate pace in a quiet environment.
/home/jupyter-koustav/fine_tuning/test_p/10081273988988897858.wav,"dūje pāse, barafa vālīāṃ ate barafabārī dīāṃ sathitīāṃ bahuta sāre deśāṃ vicca āma hana, ate āvājāī niravighana sārā sāla caladī rahiṃdī hai.",A female speaker speaks clearly in Punjabi with a natural tone and moderate pace in a quiet environment.
/home/jupyter-koustav/fine_tuning/test_p/5363115368543893656.wav,"rosabāī naṃbara jinnā choṭā hovegā, cuṃbakī viparītatā de mutābaka tārā vī onā hī ghaṭṭa kiriāśīla hovegā.",A female speaker speaks clearly in Punjabi with a natural tone and moderate pace in a quiet environment.
/home/jupyter-koustav/fine_tuning/test_p/12950712017668775431.wav,"rosabāī naṃbara jinnā choṭā hovegā, cuṃbakī viparītatā de mutābaka tārā vī onā hī ghaṭṭa kiriāśīla hovegā.",A female speaker speaks clearly in Punjabi with a natural tone and moderate pace in a quiet environment.
/home/jupyter-koustav/fine_tuning/test_p/14876741254984892893.wav,"teza havāvāṃ, gar̤he, bahuta ziādā mīṃha ate jaṃgalī agga gaṃbhīra mausama de rūpa ate prabhāva hana, jiveṃ ki tūphāna, bavaṃḍara, mūsalādhāra mīṃha ate cakkaravāta.",A female speaker speaks clearly in Punjabi with a natural tone and moderate pace in a quiet environment.
/home/jupyter-koustav/fine_tuning/test_p/10319899700709370082.wav,"teza havāvāṃ, gar̤he, bahuta ziādā mīṃha ate jaṃgalī agga gaṃbhīra mausama de rūpa ate prabhāva hana, jiveṃ ki tūphāna, bavaṃḍara, mūsalādhāra mīṃha ate cakkaravāta.",A female speaker speaks clearly in Punjabi with a natural tone and moderate pace in a quiet environment.
/home/jupyter-koustav/fine_tuning/test_p/3243200882613205467.wav,iha jāṇakārī paṃchīāṃ de khaṃbhāṃ bāre vī sūjha pradāna karadī hai.,A female speaker speaks clearly in Punjabi with a natural tone and moderate pace in a quiet environment.
/home/jupyter-koustav/fine_tuning/test_p/17043138633570417210.wav,iha jāṇakārī paṃchīāṃ de khaṃbhāṃ bāre vī sūjha pradāna karadī hai.,A female speaker speaks clearly in Punjabi with a natural tone and moderate pace in a quiet environment.
/home/jupyter-koustav/fine_tuning/test_p/3259974891496669455.wav,iha jāṇakārī paṃchīāṃ de khaṃbhāṃ bāre vī sūjha pradāna karadī hai.,A female speaker speaks clearly in Punjabi with a natural tone and moderate pace in a quiet environment.
/home/jupyter-koustav/fine_tuning/test_p/13305952393040242638.wav,pirāmiḍa dā sāūṃḍa ate lāīṭa śoa isa khetara aṃdara bacciāṃ laī karana vālīāṃ sabha toṃ mazedāra cīzāṃ viccoṃ ikka hai.,A female speaker speaks clearly in Punjabi with a natural tone and moderate pace in a quiet environment.
/home/jupyter-koustav/fine_tuning/test_p/10005878200211190857.wav,pirāmiḍa dā sāūṃḍa ate lāīṭa śoa isa khetara aṃdara bacciāṃ laī karana vālīāṃ sabha toṃ mazedāra cīzāṃ viccoṃ ikka hai.,A female speaker speaks clearly in Punjabi with a natural tone and moderate pace in a quiet environment.
/home/jupyter-koustav/fine_tuning/test_p/15770835902200442860.wav,bahuta sāre loka uhanāṃ nūṃ ḍāināsora dī tarhāṃ nahīṃ samajhade kiuṃki uhanāṃ de khaṃbha huṃde hana ate uha uḍḍa sakade hana.,A female speaker speaks clearly in Punjabi with a natural tone and moderate pace in a quiet environment.
/home/jupyter-koustav/fine_tuning/test_p/13655870726736761060.wav,bahuta sāre loka uhanāṃ nūṃ ḍāināsora dī tarhāṃ nahīṃ samajhade kiuṃki uhanāṃ de khaṃbha huṃde hana ate uha uḍḍa sakade hana.,A female speaker speaks clearly in Punjabi with a natural tone and moderate pace in a quiet environment.
/home/jupyter-koustav/fine_tuning/test_p/17051933021955123785.wav,bahuta sāre loka uhanāṃ nūṃ ḍāināsora dī tarhāṃ nahīṃ samajhade kiuṃki uhanāṃ de khaṃbha huṃde hana ate uha uḍḍa sakade hana.,A female speaker speaks clearly in Punjabi with a natural tone and moderate pace in a quiet environment.
/home/jupyter-koustav/fine_tuning/test_p/12815288725911826018.wav,airosamitha ne āpaṇe daure 'te bākī diāṃ saṃgīta samārohāṃ nūṃ radda kara dittā hai.,A female speaker speaks clearly in Punjabi with a natural tone and moderate pace in a quiet environment.
/home/jupyter-koustav/fine_tuning/test_p/14787930086363719207.wav,"lokāṃ nūṃ sonā, cāṃdī ate tāṃbe jihe muḍḍhale rasāiṇika tattāṃ bāre prācīna kāla toṃ patā hai, kiuṃki iha āpaṇe k͟hālasa rūpa de vicca prakiratī aṃdara ārāma nāla mila jāṃde hana ate bākīāṃ de mukābale ihanāṃ dī buniādī ṭūlāṃ nāla dharatī viccoṃ khudāī āsānī nāla kītī jā sakadī hai.",A female speaker speaks clearly in Punjabi with a natural tone and moderate pace in a quiet environment.
/home/jupyter-koustav/fine_tuning/test_p/10265091667202875693.wav,"lokāṃ nūṃ sonā, cāṃdī ate tāṃbe jihe muḍḍhale rasāiṇika tattāṃ bāre prācīna kāla toṃ patā hai, kiuṃki iha āpaṇe k͟hālasa rūpa de vicca prakiratī aṃdara ārāma nāla mila jāṃde hana ate bākīāṃ de mukābale ihanāṃ dī buniādī ṭūlāṃ nāla dharatī viccoṃ khudāī āsānī nāla kītī jā sakadī hai.",A female speaker speaks clearly in Punjabi with a natural tone and moderate pace in a quiet environment.
/home/jupyter-koustav/fine_tuning/test_p/9799180410249017567.wav,"jala sainā dā kamma rivāitī taura 'te iha pakkā karanā hai ki tuhāḍā deśa tuhāḍe duśamaṇa dī uhanāṃ de lokāṃ ate samāna nūṃ lijāuṇa dī samaratthā vicca dak͟hala deṇa de, nāla-nāla tuhāḍe lokāṃ ate samāna nūṃ lijāuṇa dī yogatā nūṃ baṇāī rakkhadā hai.",A female speaker speaks clearly in Punjabi with a natural tone and moderate pace in a quiet environment.
/home/jupyter-koustav/fine_tuning/test_p/14832196059649399125.wav,"jala sainā dā kamma rivāitī taura 'te iha pakkā karanā hai ki tuhāḍā deśa tuhāḍe duśamaṇa dī uhanāṃ de lokāṃ ate samāna nūṃ lijāuṇa dī samaratthā vicca dak͟hala deṇa de, nāla-nāla tuhāḍe lokāṃ ate samāna nūṃ lijāuṇa dī yogatā nūṃ baṇāī rakkhadā hai.",A female speaker speaks clearly in Punjabi with a natural tone and moderate pace in a quiet environment.
/home/jupyter-koustav/fine_tuning/test_p/16770479107245302350.wav,"bakkarīāṃ nūṃ pahilī vāra īrāna dīāṃ zāgarasa pahār̤īāṃ vicca aṃdāzana 10,000 sāla pahilāṃ pālatū baṇāiā giā jāpadā hai.",A female speaker speaks clearly in Punjabi with a natural tone and moderate pace in a quiet environment.
/home/jupyter-koustav/fine_tuning/test_p/3175169441884286354.wav,"bakkarīāṃ nūṃ pahilī vāra īrāna dīāṃ zāgarasa pahār̤īāṃ vicca aṃdāzana 10,000 sāla pahilāṃ pālatū baṇāiā giā jāpadā hai.",A female speaker speaks clearly in Punjabi with a natural tone and moderate pace in a quiet environment.
/home/jupyter-koustav/fine_tuning/test_p/11325803300443491636.wav,"bakkarīāṃ nūṃ pahilī vāra īrāna dīāṃ zāgarasa pahār̤īāṃ vicca aṃdāzana 10,000 sāla pahilāṃ pālatū baṇāiā giā jāpadā hai.",A female speaker speaks clearly in Punjabi with a natural tone and moderate pace in a quiet environment.
/home/jupyter-koustav/fine_tuning/test_p/9621939290570706458.wav,caṃdaramā dī sat_hā pattharāṃ ate miṭṭī nāla baṇī hoī hai. caṃdaramā dī bāharalī parata nūṃ krasaṭa kahiṃde hana.,A female speaker speaks clearly in Punjabi with a natural tone and moderate pace in a quiet environment.
/home/jupyter-koustav/fine_tuning/test_p/6617889501036963691.wav,caṃdaramā dī sat_hā pattharāṃ ate miṭṭī nāla baṇī hoī hai. caṃdaramā dī bāharalī parata nūṃ krasaṭa kahiṃde hana.,A female speaker speaks clearly in Punjabi with a natural tone and moderate pace in a quiet environment.
/home/jupyter-koustav/fine_tuning/test_p/3086842131462497490.wav,caṃdaramā dī sat_hā pattharāṃ ate miṭṭī nāla baṇī hoī hai. caṃdaramā dī bāharalī parata nūṃ krasaṭa kahiṃde hana.,A female speaker speaks clearly in Punjabi with a natural tone and moderate pace in a quiet environment.
/home/jupyter-koustav/fine_tuning/test_p/9975828291000541250.wav,"vigiānī iha samajhaṇa dī umīda karade hana ki grahi kiveṃ baṇade hana, k͟hāsakara dharatī kiveṃ baṇī, kiuṃki dhūmaketū bahuta pahilāṃ dharatī nāla ṭakarā gae sana.",A female speaker speaks clearly in Punjabi with a natural tone and moderate pace in a quiet environment.
/home/jupyter-koustav/fine_tuning/test_p/15179405965421034167.wav,"vigiānī iha samajhaṇa dī umīda karade hana ki grahi kiveṃ baṇade hana, k͟hāsakara dharatī kiveṃ baṇī, kiuṃki dhūmaketū bahuta pahilāṃ dharatī nāla ṭakarā gae sana.",A female speaker speaks clearly in Punjabi with a natural tone and moderate pace in a quiet environment.
/home/jupyter-koustav/fine_tuning/test_p/17283120934032805992.wav,"vigiānī iha samajhaṇa dī umīda karade hana ki grahi kiveṃ baṇade hana, k͟hāsakara dharatī kiveṃ baṇī, kiuṃki dhūmaketū bahuta pahilāṃ dharatī nāla ṭakarā gae sana.",A female speaker speaks clearly in Punjabi with a natural tone and moderate pace in a quiet environment.
/home/jupyter-koustav/fine_tuning/test_p/11620953765529483500.wav,"bāada dupihara aitavāra nūṃ, saṃyukata rāja de rāśaṭarapatī ḍonālaḍa ṭraṃpa ne praisa sakattara rāhī ditte ikka biāna vicca kihā ki yū.aisa sainā sīrīā toṃ haṭṭa jāṇagīāṃ.",A female speaker speaks clearly in Punjabi with a natural tone and moderate pace in a quiet environment.
/home/jupyter-koustav/fine_tuning/test_p/9223589021619301417.wav,"pairisa de lokāṃ vicca haṃkārī, kaṭhora ate ghamaṃḍī hoṇa dī prasiddhī hāṃsala hai.",A female speaker speaks clearly in Punjabi with a natural tone and moderate pace in a quiet environment.
/home/jupyter-koustav/fine_tuning/test_p/17531337240518599955.wav,"hālāṃki, saṃcāra de cainalāṃ de haulī hoṇa de kāraṇa, pacchama vicca śailī 25 toṃ 30 sāla picche rahi sakadī sī.",A female speaker speaks clearly in Punjabi with a natural tone and moderate pace in a quiet environment.
/home/jupyter-koustav/fine_tuning/test_p/3199555822342377043.wav,"hālāṃki, saṃcāra de cainalāṃ de haulī hoṇa de kāraṇa, pacchama vicca śailī 25 toṃ 30 sāla picche rahi sakadī sī.",A female speaker speaks clearly in Punjabi with a natural tone and moderate pace in a quiet environment.
/home/jupyter-koustav/fine_tuning/test_p/16810467650236431316.wav,"hālāṃki, saṃcāra de cainalāṃ de haulī hoṇa de kāraṇa, pacchama vicca śailī 25 toṃ 30 sāla picche rahi sakadī sī.",A female speaker speaks clearly in Punjabi with a natural tone and moderate pace in a quiet environment.
/home/jupyter-koustav/fine_tuning/test_p/1924470508284597265.wav,"usane agge kihā ki ""hālāṃki uhanāṃ nūṃ uhanāṃ jimmevārīāṃ nūṃ laiṇa laī nahīṃ kihā jāṇā cāhīdā jihar̤īāṃ uhanāṃ de vikāsa de par̤āa, jimmevārī ate yogatāvāṃ toṃ pare hana.""",A female speaker speaks clearly in Punjabi with a natural tone and moderate pace in a quiet environment.
/home/jupyter-koustav/fine_tuning/test_p/14519250739500109510.wav,"usane agge kihā ki ""hālāṃki uhanāṃ nūṃ uhanāṃ jimmevārīāṃ nūṃ laiṇa laī nahīṃ kihā jāṇā cāhīdā jihar̤īāṃ uhanāṃ de vikāsa de par̤āa, jimmevārī ate yogatāvāṃ toṃ pare hana.""",A female speaker speaks clearly in Punjabi with a natural tone and moderate pace in a quiet environment.
/home/jupyter-koustav/fine_tuning/test_p/1286460234657607604.wav,ḍhāṃce vicca graiphiṭī nūṃ cinnhita karake mārakiṃga jāṃ sakaraiciṃga duārā sāīṭa nūṃ nā miṭāo.,A female speaker speaks clearly in Punjabi with a natural tone and moderate pace in a quiet environment.
/home/jupyter-koustav/fine_tuning/test_p/8681252844455185374.wav,ḍhāṃce vicca graiphiṭī nūṃ cinnhita karake mārakiṃga jāṃ sakaraiciṃga duārā sāīṭa nūṃ nā miṭāo.,A female speaker speaks clearly in Punjabi with a natural tone and moderate pace in a quiet environment.
/home/jupyter-koustav/fine_tuning/test_p/6620894890956051826.wav,ḍhāṃce vicca graiphiṭī nūṃ cinnhita karake mārakiṃga jāṃ sakaraiciṃga duārā sāīṭa nūṃ nā miṭāo.,A female speaker speaks clearly in Punjabi with a natural tone and moderate pace in a quiet environment.
/home/jupyter-koustav/fine_tuning/test_p/9047866638691671373.wav,"usane aphavāhāṃ nūṃ ""rājanītaka bakavāsa ate mūrakhatā"" vajjoṃ liā.",A female speaker speaks clearly in Punjabi with a natural tone and moderate pace in a quiet environment.
/home/jupyter-koustav/fine_tuning/test_p/9179656882370895446.wav,"usane aphavāhāṃ nūṃ ""rājanītaka bakavāsa ate mūrakhatā"" vajjoṃ liā.",A female speaker speaks clearly in Punjabi with a natural tone and moderate pace in a quiet environment.
/home/jupyter-koustav/fine_tuning/test_p/2753429383189549976.wav,"āk͟hara vicca, ajihīāṃ bahuta sārīāṃ choṭīāṃ billīāṃ hana (jisa vicca gharelū sutaṃtara billīāṃ śāmala hana) jihar̤īāṃ bahuta sāre choṭe śikāra jiveṃ kīr̤e, cūhe, kiralīāṃ ate paṃchīāṃ nūṃ khāṃdīāṃ hana.",A female speaker speaks clearly in Punjabi with a natural tone and moderate pace in a quiet environment.
/home/jupyter-koustav/fine_tuning/test_p/10154675456523506973.wav,"āk͟hara vicca, ajihīāṃ bahuta sārīāṃ choṭīāṃ billīāṃ hana (jisa vicca gharelū sutaṃtara billīāṃ śāmala hana) jihar̤īāṃ bahuta sāre choṭe śikāra jiveṃ kīr̤e, cūhe, kiralīāṃ ate paṃchīāṃ nūṃ khāṃdīāṃ hana.",A female speaker speaks clearly in Punjabi with a natural tone and moderate pace in a quiet environment.
/home/jupyter-koustav/fine_tuning/test_p/6721498609313012071.wav,"āk͟hara vicca, ajihīāṃ bahuta sārīāṃ choṭīāṃ billīāṃ hana (jisa vicca gharelū sutaṃtara billīāṃ śāmala hana) jihar̤īāṃ bahuta sāre choṭe śikāra jiveṃ kīr̤e, cūhe, kiralīāṃ ate paṃchīāṃ nūṃ khāṃdīāṃ hana.",A female speaker speaks clearly in Punjabi with a natural tone and moderate pace in a quiet environment.
/home/jupyter-koustav/fine_tuning/test_p/15735491224758548725.wav,baga śabada kīṭāṃ de isa samūha laī ika upacārika aratha vicca jīva vigiānīāṃ duārā varatiā jāṃdā hai.,A female speaker speaks clearly in Punjabi with a natural tone and moderate pace in a quiet environment.
/home/jupyter-koustav/fine_tuning/test_p/4471273963709754731.wav,"āma taura 'te boladiāṃ, do vivahāra unhāṃ de purāṇe sāthīāṃ dī agavāī laī mainejarāṃ de rūpa vicca pragaṭa ho kade hana.",A female speaker speaks clearly in Punjabi with a natural tone and moderate pace in a quiet environment.
/home/jupyter-koustav/fine_tuning/test_p/207638051817357205.wav,"āma taura 'te boladiāṃ, do vivahāra unhāṃ de purāṇe sāthīāṃ dī agavāī laī mainejarāṃ de rūpa vicca pragaṭa ho kade hana.",A female speaker speaks clearly in Punjabi with a natural tone and moderate pace in a quiet environment.
/home/jupyter-koustav/fine_tuning/test_p/122909868607647263.wav,"iha alapāīna saṭāīla sakī ṭūriṃga jāṃ parabata-ārohaṇa nāla sabaṃdhita hai para āma taura 'te isa vicca iha śāmala nahīṃ huṃdā, isa toṃ bāada iha ḍhalāṇa vāle ilāke vicca kītā jāṃdā hai ate vaddha mazabūta sakī ate būṭāṃ dī lor̤a huṃdī hai.",A female speaker speaks clearly in Punjabi with a natural tone and moderate pace in a quiet environment.
/home/jupyter-koustav/fine_tuning/test_p/702609508932444462.wav,"iha alapāīna saṭāīla sakī ṭūriṃga jāṃ parabata-ārohaṇa nāla sabaṃdhita hai para āma taura 'te isa vicca iha śāmala nahīṃ huṃdā, isa toṃ bāada iha ḍhalāṇa vāle ilāke vicca kītā jāṃdā hai ate vaddha mazabūta sakī ate būṭāṃ dī lor̤a huṃdī hai.",A female speaker speaks clearly in Punjabi with a natural tone and moderate pace in a quiet environment.
/home/jupyter-koustav/fine_tuning/test_p/12763231348657489253.wav,"iha alapāīna saṭāīla sakī ṭūriṃga jāṃ parabata-ārohaṇa nāla sabaṃdhita hai para āma taura 'te isa vicca iha śāmala nahīṃ huṃdā, isa toṃ bāada iha ḍhalāṇa vāle ilāke vicca kītā jāṃdā hai ate vaddha mazabūta sakī ate būṭāṃ dī lor̤a huṃdī hai.",A female speaker speaks clearly in Punjabi with a natural tone and moderate pace in a quiet environment.
/home/jupyter-koustav/fine_tuning/test_p/9066717426486201504.wav,isa dīāṃ 78 sifāraśāṃ viccoṃ sabha toṃ pahilī iha hai ki irāka dīāṃ sarahaddāṃ nūṃ pratikūla dakhalaaṃdājī viruddha surakkhiata karana ate isade guāṃḍhīāṃ nāla kūṭanītika saṃbaṃdha dubārā sathāpata karana laī isa sāla de aṃta toṃ pahilāṃ ikka navīṃ kūṭanītika pahila kītī jāṇī cāhīdī hai.,A female speaker speaks clearly in Punjabi with a natural tone and moderate pace in a quiet environment.
/home/jupyter-koustav/fine_tuning/test_p/2951095283639418581.wav,isa dīāṃ 78 sifāraśāṃ viccoṃ sabha toṃ pahilī iha hai ki irāka dīāṃ sarahaddāṃ nūṃ pratikūla dakhalaaṃdājī viruddha surakkhiata karana ate isade guāṃḍhīāṃ nāla kūṭanītika saṃbaṃdha dubārā sathāpata karana laī isa sāla de aṃta toṃ pahilāṃ ikka navīṃ kūṭanītika pahila kītī jāṇī cāhīdī hai.,A female speaker speaks clearly in Punjabi with a natural tone and moderate pace in a quiet environment.
/home/jupyter-koustav/fine_tuning/test_p/10250259946645700913.wav,"hora nomīneśanāṃ vicca sarabotama cittara, ḍāiraikaṭara, sinemāṭogrāphī, kāsaṭiūma ḍizāīna, filama-saṃpādana, orījinala sakora, utapādana ḍizāīna, sāūṃḍa saṃpādana, sāūṃḍa mikasiṃga ate orījinala sakrīnapale śāmala hana.",A female speaker speaks clearly in Punjabi with a natural tone and moderate pace in a quiet environment.
/home/jupyter-koustav/fine_tuning/test_p/16438641918177972328.wav,"hora nomīneśanāṃ vicca sarabotama cittara, ḍāiraikaṭara, sinemāṭogrāphī, kāsaṭiūma ḍizāīna, filama-saṃpādana, orījinala sakora, utapādana ḍizāīna, sāūṃḍa saṃpādana, sāūṃḍa mikasiṃga ate orījinala sakrīnapale śāmala hana.",A female speaker speaks clearly in Punjabi with a natural tone and moderate pace in a quiet environment.
/home/jupyter-koustav/fine_tuning/test_p/18017537960002535671.wav,miśarata dhāta mūla rūpa vicca do jāṃ vaddha dhātāṃ dā miśarana hai. iha nā bhullo ki rasāiṇaka tattāṃ dī sūcī vicca kaī tatta huṃde hana.,A female speaker speaks clearly in Punjabi with a natural tone and moderate pace in a quiet environment.
/home/jupyter-koustav/fine_tuning/test_p/1202115094643590183.wav,miśarata dhāta mūla rūpa vicca do jāṃ vaddha dhātāṃ dā miśarana hai. iha nā bhullo ki rasāiṇaka tattāṃ dī sūcī vicca kaī tatta huṃde hana.,A female speaker speaks clearly in Punjabi with a natural tone and moderate pace in a quiet environment.
/home/jupyter-koustav/fine_tuning/test_p/6935295473834930815.wav,"samāna lāīna de nāla, puruśāṃ nūṃ goḍe ḍhakaṇa vāle ṭarāūzara pahinaṇe cāhīde hana.",A female speaker speaks clearly in Punjabi with a natural tone and moderate pace in a quiet environment.
/home/jupyter-koustav/fine_tuning/test_p/5211965403259116856.wav,"samāna lāīna de nāla, puruśāṃ nūṃ goḍe ḍhakaṇa vāle ṭarāūzara pahinaṇe cāhīde hana.",A female speaker speaks clearly in Punjabi with a natural tone and moderate pace in a quiet environment.
/home/jupyter-koustav/fine_tuning/test_p/5326405930491361656.wav,"samāna lāīna de nāla, puruśāṃ nūṃ goḍe ḍhakaṇa vāle ṭarāūzara pahinaṇe cāhīde hana.",A female speaker speaks clearly in Punjabi with a natural tone and moderate pace in a quiet environment.
/home/jupyter-koustav/fine_tuning/test_p/13668620895414186126.wav,"iṭalī de kaī hora śahirāṃ ate viśava de bākī hissiāṃ vicca, viśeśa taura ‘te polaiṃḍa vicca, ajihe saiṭaapa sathāpata kīte gae sana, jinhāṃ nūṃ vaḍḍī saṃkhiā vicca lokāṃ ne dekhiā.",A female speaker speaks clearly in Punjabi with a natural tone and moderate pace in a quiet environment.
/home/jupyter-koustav/fine_tuning/test_p/6503213135567161624.wav,"iṭalī de kaī hora śahirāṃ ate viśava de bākī hissiāṃ vicca, viśeśa taura ‘te polaiṃḍa vicca, ajihe saiṭaapa sathāpata kīte gae sana, jinhāṃ nūṃ vaḍḍī saṃkhiā vicca lokāṃ ne dekhiā.",A female speaker speaks clearly in Punjabi with a natural tone and moderate pace in a quiet environment.
/home/jupyter-koustav/fine_tuning/test_p/1122511958389720713.wav,"iṭalī de kaī hora śahirāṃ ate viśava de bākī hissiāṃ vicca, viśeśa taura ‘te polaiṃḍa vicca, ajihe saiṭaapa sathāpata kīte gae sana, jinhāṃ nūṃ vaḍḍī saṃkhiā vicca lokāṃ ne dekhiā.",A female speaker speaks clearly in Punjabi with a natural tone and moderate pace in a quiet environment.
/home/jupyter-koustav/fine_tuning/test_p/18256160033055160834.wav,"asala vicca, isa dī hoṃda bāre patā hoṇa de bāvajūda vī isa nūṃ labbhaṇā bilakula vī āsāna nahīṃ hai. ikka vāra gufā aṃdara cale jāṇa de bāada, iha pūrī tarhāṃ nāla vakhareveṃ vicca huṃdā hai.",A female speaker speaks clearly in Punjabi with a natural tone and moderate pace in a quiet environment.
/home/jupyter-koustav/fine_tuning/test_p/5493040340070632709.wav,"asala vicca, isa dī hoṃda bāre patā hoṇa de bāvajūda vī isa nūṃ labbhaṇā bilakula vī āsāna nahīṃ hai. ikka vāra gufā aṃdara cale jāṇa de bāada, iha pūrī tarhāṃ nāla vakhareveṃ vicca huṃdā hai.",A female speaker speaks clearly in Punjabi with a natural tone and moderate pace in a quiet environment.
/home/jupyter-koustav/fine_tuning/test_p/435649474231115870.wav,"kailaśīama ate poṭāśīama varage tattāṃ nūṃ dhāta manniā jāṃdā hai. beśaka, itthe cāṃdī ate sone varagīāṃ dhātāṃ vī hana.",A female speaker speaks clearly in Punjabi with a natural tone and moderate pace in a quiet environment.
/home/jupyter-koustav/fine_tuning/test_p/200979692918488140.wav,"kailaśīama ate poṭāśīama varage tattāṃ nūṃ dhāta manniā jāṃdā hai. beśaka, itthe cāṃdī ate sone varagīāṃ dhātāṃ vī hana.",A female speaker speaks clearly in Punjabi with a natural tone and moderate pace in a quiet environment.
/home/jupyter-koustav/fine_tuning/test_p/9146028004762862266.wav,"kailaśīama ate poṭāśīama varage tattāṃ nūṃ dhāta manniā jāṃdā hai. beśaka, itthe cāṃdī ate sone varagīāṃ dhātāṃ vī hana.",A female speaker speaks clearly in Punjabi with a natural tone and moderate pace in a quiet environment.
/home/jupyter-koustav/fine_tuning/test_p/1241530994975218672.wav,"yūrapīana itihāsa de isa daura vicca, kaitholika caraca dī jāṃca kītī gaī, jo ki ikka śāhī ate śakatīśālī caraca sī.",A female speaker speaks clearly in Punjabi with a natural tone and moderate pace in a quiet environment.
/home/jupyter-koustav/fine_tuning/test_p/12456483545312852737.wav,"yūrapīana itihāsa de isa daura vicca, kaitholika caraca dī jāṃca kītī gaī, jo ki ikka śāhī ate śakatīśālī caraca sī.",A female speaker speaks clearly in Punjabi with a natural tone and moderate pace in a quiet environment.
/home/jupyter-koustav/fine_tuning/test_p/3414164931447569721.wav,satta ajūbiāṃ vicoṃ sirafa gizā vikhe viśāla pirāmiḍa hī hai jo ajja vī sahī hālata vicca baṇī hoī hai.,A female speaker speaks clearly in Punjabi with a natural tone and moderate pace in a quiet environment.
/home/jupyter-koustav/fine_tuning/test_p/1910465439892236511.wav,satta ajūbiāṃ vicoṃ sirafa gizā vikhe viśāla pirāmiḍa hī hai jo ajja vī sahī hālata vicca baṇī hoī hai.,A female speaker speaks clearly in Punjabi with a natural tone and moderate pace in a quiet environment.
/home/jupyter-koustav/fine_tuning/test_p/11421980869072608668.wav,satta ajūbiāṃ vicoṃ sirafa gizā vikhe viśāla pirāmiḍa hī hai jo ajja vī sahī hālata vicca baṇī hoī hai.,A female speaker speaks clearly in Punjabi with a natural tone and moderate pace in a quiet environment.
/home/jupyter-koustav/fine_tuning/test_p/2958745283702930016.wav,jiānakāralo phisīśelā (Giancarlo Fisichella) āpaṇī kāra dā niyaṃtaraṇa guā baiṭhā ate śurūāta de bāada bahuta jaladī hī resa k͟hatama kara baiṭhā.,A female speaker speaks clearly in Punjabi with a natural tone and moderate pace in a quiet environment.
/home/jupyter-koustav/fine_tuning/test_p/15924258999158666628.wav,"dhiāna rakkho ki kappar̤ā bahuta ziādā garama nā hove ( jisa kārana kappar̤ā suṃgar̤a sakadā hai, jāṃ bahuta ziādā garama hoṇa 'te sar̤a vī sakadā hai).",A female speaker speaks clearly in Punjabi with a natural tone and moderate pace in a quiet environment.
/home/jupyter-koustav/fine_tuning/test_p/3703488547323032074.wav,"dhiāna rakkho ki kappar̤ā bahuta ziādā garama nā hove ( jisa kārana kappar̤ā suṃgar̤a sakadā hai, jāṃ bahuta ziādā garama hoṇa 'te sar̤a vī sakadā hai).",A female speaker speaks clearly in Punjabi with a natural tone and moderate pace in a quiet environment.
/home/jupyter-koustav/fine_tuning/test_p/3617219457713492740.wav,"dhiāna rakkho ki kappar̤ā bahuta ziādā garama nā hove ( jisa kārana kappar̤ā suṃgar̤a sakadā hai, jāṃ bahuta ziādā garama hoṇa 'te sar̤a vī sakadā hai).",A female speaker speaks clearly in Punjabi with a natural tone and moderate pace in a quiet environment.
/home/jupyter-koustav/fine_tuning/test_p/4714944028626843958.wav,"viḍīo rikāraḍiṃga dī varatoṃ ne māīkaro-aikasapraiśana, cihare dī hilajula dī viākhiā vicca mahattavapūrana khojāṃ nūṃ janama dittā hai jo kujha milīsaikiṃḍāṃ takka rahiṃdā hai.",A female speaker speaks clearly in Punjabi with a natural tone and moderate pace in a quiet environment.
/home/jupyter-koustav/fine_tuning/test_p/18060003881396669921.wav,"viḍīo rikāraḍiṃga dī varatoṃ ne māīkaro-aikasapraiśana, cihare dī hilajula dī viākhiā vicca mahattavapūrana khojāṃ nūṃ janama dittā hai jo kujha milīsaikiṃḍāṃ takka rahiṃdā hai.",A female speaker speaks clearly in Punjabi with a natural tone and moderate pace in a quiet environment.
/home/jupyter-koustav/fine_tuning/test_p/6652332447586386324.wav,"bīśeka nūṃ ika nirīkhaka duārā ""arājakatā"" dī sathitī vicca jāṇa de rūpa vicca varaṇita kītā giā sī, kiuṃki lokāṃ de jhuṃḍa sar̤akāṃ utte ghumma ate varatīāṃ jāṇa vālīāṃ dīāṃ vasatāṃ luṭṭa rahe sana.",A female speaker speaks clearly in Punjabi with a natural tone and moderate pace in a quiet environment.
/home/jupyter-koustav/fine_tuning/test_p/6846143311609019430.wav,"isa de śurūātī dināṃ vicca, śoa nūṃ pūrī tarhāṃ laṃbe sameṃ toṃ calla rahe iṃṭaranaiṭa reḍīo sāīṭa ṭogīnaiṭṭa reḍīo, sāīṭa jihar̤ī ṭāka reḍīo 'te keṃdarita sī, 'te pradaraśita kītā giā.",A female speaker speaks clearly in Punjabi with a natural tone and moderate pace in a quiet environment.
/home/jupyter-koustav/fine_tuning/test_p/6016760037897725606.wav,"isa de śurūātī dināṃ vicca, śoa nūṃ pūrī tarhāṃ laṃbe sameṃ toṃ calla rahe iṃṭaranaiṭa reḍīo sāīṭa ṭogīnaiṭṭa reḍīo, sāīṭa jihar̤ī ṭāka reḍīo 'te keṃdarita sī, 'te pradaraśita kītā giā.",A female speaker speaks clearly in Punjabi with a natural tone and moderate pace in a quiet environment.
/home/jupyter-koustav/fine_tuning/test_p/3986978903593747214.wav,"isa de śurūātī dināṃ vicca, śoa nūṃ pūrī tarhāṃ laṃbe sameṃ toṃ calla rahe iṃṭaranaiṭa reḍīo sāīṭa ṭogīnaiṭṭa reḍīo, sāīṭa jihar̤ī ṭāka reḍīo 'te keṃdarita sī, 'te pradaraśita kītā giā.",A female speaker speaks clearly in Punjabi with a natural tone and moderate pace in a quiet environment.
/home/jupyter-koustav/fine_tuning/test_p/14754779207603625942.wav,iha śahira apharīkā vicca kujha sasate māunaṭena gorīlā ṭaraikiṃga de nāla-nāla niāragoṃgo javālāmukhī pahār̤a utte car̤hana dā ādhāra vī hai.,A female speaker speaks clearly in Punjabi with a natural tone and moderate pace in a quiet environment.
/home/jupyter-koustav/fine_tuning/test_p/14667038379556941952.wav,iha śahira apharīkā vicca kujha sasate māunaṭena gorīlā ṭaraikiṃga de nāla-nāla niāragoṃgo javālāmukhī pahār̤a utte car̤hana dā ādhāra vī hai.,A female speaker speaks clearly in Punjabi with a natural tone and moderate pace in a quiet environment.
/home/jupyter-koustav/fine_tuning/test_p/13137712693886527985.wav,"raddakarana saṃbaṃdhī nītīāṃ vakkha-vakkha huṃdīāṃ hana, para māraca de aṃta takka jiādātara koronā-vāirasa saṃbaṃdhī raddakarana nītīāṃ dā visathāra 2020 takka nahīṃ hoiā, jadoṃ ulaṃpika dī samāṃ-sūcī tiāra kītī gaī sī.",A female speaker speaks clearly in Punjabi with a natural tone and moderate pace in a quiet environment.
/home/jupyter-koustav/fine_tuning/test_p/10036619286088483.wav,"raddakarana saṃbaṃdhī nītīāṃ vakkha-vakkha huṃdīāṃ hana, para māraca de aṃta takka jiādātara koronā-vāirasa saṃbaṃdhī raddakarana nītīāṃ dā visathāra 2020 takka nahīṃ hoiā, jadoṃ ulaṃpika dī samāṃ-sūcī tiāra kītī gaī sī.",A female speaker speaks clearly in Punjabi with a natural tone and moderate pace in a quiet environment.
/home/jupyter-koustav/fine_tuning/test_p/17510980762859589112.wav,"raddakarana saṃbaṃdhī nītīāṃ vakkha-vakkha huṃdīāṃ hana, para māraca de aṃta takka jiādātara koronā-vāirasa saṃbaṃdhī raddakarana nītīāṃ dā visathāra 2020 takka nahīṃ hoiā, jadoṃ ulaṃpika dī samāṃ-sūcī tiāra kītī gaī sī.",A female speaker speaks clearly in Punjabi with a natural tone and moderate pace in a quiet environment.
/home/jupyter-koustav/fine_tuning/test_p/10970308651821279517.wav,"bālī vicale ejaṃḍe de hora viśiāṃ vicca dunīā de bākī jaṃgalāṃ nūṃ bacāuṇā, ate vikāsaśīla deśāṃ nūṃ ghaṭṭa pradūśaṇa vāle ḍhaṃgāṃ nāla agge vadhaṇa vicca sahāitā karana laī takanīkāṃ sāṃjhīāṃ karanā śāmala hai.",A female speaker speaks clearly in Punjabi with a natural tone and moderate pace in a quiet environment.
/home/jupyter-koustav/fine_tuning/test_p/8401699592275376266.wav,phoṭogrāfarāṃ ne bāada vicca ikka bazuraga aurata dī jag_hā lai laī kiuṃki usanūṃ pakhāne dī lor̤a sī. maiṃḍozā nūṃ golī māra dittī gaī.,A male speaker speaks clearly in Punjabi with a natural tone and moderate pace in a quiet environment.
/home/jupyter-koustav/fine_tuning/test_p/2748639421665523172.wav,phoṭogrāfarāṃ ne bāada vicca ikka bazuraga aurata dī jag_hā lai laī kiuṃki usanūṃ pakhāne dī lor̤a sī. maiṃḍozā nūṃ golī māra dittī gaī.,A female speaker speaks clearly in Punjabi with a natural tone and moderate pace in a quiet environment.
/home/jupyter-koustav/fine_tuning/test_p/14754702546216737879.wav,phoṭogrāfarāṃ ne bāada vicca ikka bazuraga aurata dī jag_hā lai laī kiuṃki usanūṃ pakhāne dī lor̤a sī. maiṃḍozā nūṃ golī māra dittī gaī.,A female speaker speaks clearly in Punjabi with a natural tone and moderate pace in a quiet environment.
/home/jupyter-koustav/fine_tuning/test_p/17973899548309357115.wav,"sakāṭṭaraba bassa 403 niyamata taura ‘te kābo dā rokā vikhe rukadī hoī, sinaṭarā valla jāṃdī hai.",A female speaker speaks clearly in Punjabi with a natural tone and moderate pace in a quiet environment.
/home/jupyter-koustav/fine_tuning/test_p/1889131253774368043.wav,"sakāṭṭaraba bassa 403 niyamata taura ‘te kābo dā rokā vikhe rukadī hoī, sinaṭarā valla jāṃdī hai.",A female speaker speaks clearly in Punjabi with a natural tone and moderate pace in a quiet environment.
/home/jupyter-koustav/fine_tuning/test_p/9989754501239074381.wav,"beka kītīāṃ gaīāṃ kaī jaramana cīzāṃ vicca badāma, hezalanaṭṭasa ate hora naṭṭa śāmala huṃde hana. prasiddha keka akasara ikka kappa kar̤aka kauphī de nāla khāe jāṃde hana.",A female speaker speaks clearly in Punjabi with a natural tone and moderate pace in a quiet environment.
/home/jupyter-koustav/fine_tuning/test_p/6043463651088331966.wav,jadoṃ jaṃgalī jānavarāṃ dī galla āuṃdī hai tāṃ meḍāgāsakara huṇa takka dā sabha toṃ vaḍḍā ate āpaṇe āpa vicca ikka mahāṃdīpa hai.,A female speaker speaks clearly in Punjabi with a natural tone and moderate pace in a quiet environment.
/home/jupyter-koustav/fine_tuning/test_p/9052498165624860020.wav,jadoṃ jaṃgalī jānavarāṃ dī galla āuṃdī hai tāṃ meḍāgāsakara huṇa takka dā sabha toṃ vaḍḍā ate āpaṇe āpa vicca ikka mahāṃdīpa hai.,A female speaker speaks clearly in Punjabi with a natural tone and moderate pace in a quiet environment.
/home/jupyter-koustav/fine_tuning/test_p/10327588886652200897.wav,jadoṃ jaṃgalī jānavarāṃ dī galla āuṃdī hai tāṃ meḍāgāsakara huṇa takka dā sabha toṃ vaḍḍā ate āpaṇe āpa vicca ikka mahāṃdīpa hai.,A female speaker speaks clearly in Punjabi with a natural tone and moderate pace in a quiet environment.
/home/jupyter-koustav/fine_tuning/test_p/8464575193617614438.wav,"1976 takka, māchū picū dā tīha pratīśata hissā bahāla ho giā sī ate iha bahālī ajja vī jārī hai.",A female speaker speaks clearly in Punjabi with a natural tone and moderate pace in a quiet environment.
/home/jupyter-koustav/fine_tuning/test_p/6257309736177250135.wav,"1976 takka, māchū picū dā tīha pratīśata hissā bahāla ho giā sī ate iha bahālī ajja vī jārī hai.",A female speaker speaks clearly in Punjabi with a natural tone and moderate pace in a quiet environment.
/home/jupyter-koustav/fine_tuning/test_p/18266239396848965962.wav,"1976 takka, māchū picū dā tīha pratīśata hissā bahāla ho giā sī ate iha bahālī ajja vī jārī hai.",A female speaker speaks clearly in Punjabi with a natural tone and moderate pace in a quiet environment.
/home/jupyter-koustav/fine_tuning/test_p/10672778170552423115.wav,uhanāṃ vicoṃ ziādātara lokāṃ duārā varatī jāṃdī iṭālīana vī ika roza-marā dī bhāśā hai jo rāja vicca kamma karade hana jadaki laiṭina dī varatoṃ akasara dhāramika samāgamāṃ vicca kītī jāṃdī hai.,A female speaker speaks clearly in Punjabi with a natural tone and moderate pace in a quiet environment.
/home/jupyter-koustav/fine_tuning/test_p/15523557923000903227.wav,uhanāṃ vicoṃ ziādātara lokāṃ duārā varatī jāṃdī iṭālīana vī ika roza-marā dī bhāśā hai jo rāja vicca kamma karade hana jadaki laiṭina dī varatoṃ akasara dhāramika samāgamāṃ vicca kītī jāṃdī hai.,A female speaker speaks clearly in Punjabi with a natural tone and moderate pace in a quiet environment.
/home/jupyter-koustav/fine_tuning/test_p/17939928835812308537.wav,"amalī ṭīmāṃ nūṃ paraṃparāraka ṭīmāṃ de rūpa vicca sreśaṭhatā de samāna mānakāṃ laī āyojita kītā jāṃdā hai, para utthe sūkhama aṃtara hana.",A female speaker speaks clearly in Punjabi with a natural tone and moderate pace in a quiet environment.
/home/jupyter-koustav/fine_tuning/test_p/10254186702342855043.wav,iha dakkhaṇī afarīkā de mukkha ākaraśanāṃ vicca ikka hai ate isanūṃ sāūtha afarīkana naiśanala pārakasa (aisaeainapārakasa) dā phalaigaśipa manniā jāṃdā hai.,A female speaker speaks clearly in Punjabi with a natural tone and moderate pace in a quiet environment.
/home/jupyter-koustav/fine_tuning/test_p/17698620434289369996.wav,iha dakkhaṇī afarīkā de mukkha ākaraśanāṃ vicca ikka hai ate isanūṃ sāūtha afarīkana naiśanala pārakasa (aisaeainapārakasa) dā phalaigaśipa manniā jāṃdā hai.,A female speaker speaks clearly in Punjabi with a natural tone and moderate pace in a quiet environment.
/home/jupyter-koustav/fine_tuning/test_p/5076135735059966575.wav,"śaiṃgana zona, phira vī, isa saṃbaṃdha vicca kāfī hadda takka ikka deśa dī tarhāṃ kamma karadā hai.",A female speaker speaks clearly in Punjabi with a natural tone and moderate pace in a quiet environment.
/home/jupyter-koustav/fine_tuning/test_p/14430940761293238634.wav,"śaiṃgana zona, phira vī, isa saṃbaṃdha vicca kāfī hadda takka ikka deśa dī tarhāṃ kamma karadā hai.",A female speaker speaks clearly in Punjabi with a natural tone and moderate pace in a quiet environment.
/home/jupyter-koustav/fine_tuning/test_p/16871845472943302419.wav,kāṃgarasa valloṃ 2005 de vittī sāla vicca aśalīlatā nūṃ ṭhalla pāuṇa laī kītī gaī pahila dī phaṃḍiṃga śurū kītī gaī ate niradhārita kītā ki aipha.bī.āī. valloṃ bālagāṃ dī poranogarāfī laī 10 ejaṃṭa samarapita karane lāzamī hana.,A female speaker speaks clearly in Punjabi with a natural tone and moderate pace in a quiet environment.
/home/jupyter-koustav/fine_tuning/test_p/5580098470010282189.wav,kāṃgarasa valloṃ 2005 de vittī sāla vicca aśalīlatā nūṃ ṭhalla pāuṇa laī kītī gaī pahila dī phaṃḍiṃga śurū kītī gaī ate niradhārita kītā ki aipha.bī.āī. valloṃ bālagāṃ dī poranogarāfī laī 10 ejaṃṭa samarapita karane lāzamī hana.,A female speaker speaks clearly in Punjabi with a natural tone and moderate pace in a quiet environment.
/home/jupyter-koustav/fine_tuning/test_p/10990439516853429937.wav,"isa paraṃparā laī beśakka īsāī adhiātamika viākhiāvāṃ hana, paraṃtū iha bak͟hūbī pūrava-īsāī srota ate zara-khezī rahurīta ho sakadī hai.",A female speaker speaks clearly in Punjabi with a natural tone and moderate pace in a quiet environment.
/home/jupyter-koustav/fine_tuning/test_p/5760488795161043176.wav,bāada vicca uhanāṃ nūṃ kaimabrija vicca aiḍanabarūka de hasapatāla vicca mur̤a dāk͟hala karavā dittā giā.,A female speaker speaks clearly in Punjabi with a natural tone and moderate pace in a quiet environment.
/home/jupyter-koustav/fine_tuning/test_p/6511912362510930845.wav,bāada vicca uhanāṃ nūṃ kaimabrija vicca aiḍanabarūka de hasapatāla vicca mur̤a dāk͟hala karavā dittā giā.,A female speaker speaks clearly in Punjabi with a natural tone and moderate pace in a quiet environment.
/home/jupyter-koustav/fine_tuning/test_p/10303331853496258590.wav,"aiṭalāṃṭika tufāna de sīzana dā dasavāṃ tufāna, nāma upakhaṃḍī tufāna jairī, ajja aiṭalāṃṭika mahāṃsāgara vicca baṇiā.",A female speaker speaks clearly in Punjabi with a natural tone and moderate pace in a quiet environment.
/home/jupyter-koustav/fine_tuning/test_p/17198595269715518709.wav,"aiṭalāṃṭika tufāna de sīzana dā dasavāṃ tufāna, nāma upakhaṃḍī tufāna jairī, ajja aiṭalāṃṭika mahāṃsāgara vicca baṇiā.",A female speaker speaks clearly in Punjabi with a natural tone and moderate pace in a quiet environment.
/home/jupyter-koustav/fine_tuning/test_p/8084919093303198535.wav,"suṃdaravana dunīā dā sabha toṃ vaḍḍā samuṃdara taṭī uśaṇa-kaṭībaṃdha khetara hai, jo samuṃdara taṭa toṃ bāṃgalādeśa de ate bhārata de āṃtarika ilāke vicca 80 kimī (50 mīla) takka phailiā hoiā hai.",A female speaker speaks clearly in Punjabi with a natural tone and moderate pace in a quiet environment.
/home/jupyter-koustav/fine_tuning/test_p/7151222912015325405.wav,"maddha pūraba de garama jalavāyū vicca, ghara ziādā mahattavapūrana nahīṃ sī.",A female speaker speaks clearly in Punjabi with a natural tone and moderate pace in a quiet environment.
/home/jupyter-koustav/fine_tuning/test_p/4908472218652519647.wav,"maddha pūraba de garama jalavāyū vicca, ghara ziādā mahattavapūrana nahīṃ sī.",A female speaker speaks clearly in Punjabi with a natural tone and moderate pace in a quiet environment.
/home/jupyter-koustav/fine_tuning/test_p/17345569058538738367.wav,ghara vāpasī dā jhaṭakā sabbhiācāraka jhaṭake nāloṃ jaladī huṃdā hai (iha hanīmūna de daura vicca ghaṭṭa huṃdā hai) jo jiādā dera takka rahiṃdā hai ate jiādā tībara ho sakadā hai.,A female speaker speaks clearly in Punjabi with a natural tone and moderate pace in a quiet environment.
/home/jupyter-koustav/fine_tuning/test_p/12903278749928892492.wav,ghara vāpasī dā jhaṭakā sabbhiācāraka jhaṭake nāloṃ jaladī huṃdā hai (iha hanīmūna de daura vicca ghaṭṭa huṃdā hai) jo jiādā dera takka rahiṃdā hai ate jiādā tībara ho sakadā hai.,A female speaker speaks clearly in Punjabi with a natural tone and moderate pace in a quiet environment.
/home/jupyter-koustav/fine_tuning/test_p/1114563173724081798.wav,ghara vāpasī dā jhaṭakā sabbhiācāraka jhaṭake nāloṃ jaladī huṃdā hai (iha hanīmūna de daura vicca ghaṭṭa huṃdā hai) jo jiādā dera takka rahiṃdā hai ate jiādā tībara ho sakadā hai.,A female speaker speaks clearly in Punjabi with a natural tone and moderate pace in a quiet environment.
/home/jupyter-koustav/fine_tuning/test_p/10152662544244172537.wav,"kudaratī vātāvaraṇa vicca hoṇa ‘te paude khūbasūrata dikhāī diṃde hana, isalaī ""kevala ikka"" namūne nūṃ vī haṭāuṇa de lobha dā virodha karo.",A female speaker speaks clearly in Punjabi with a natural tone and moderate pace in a quiet environment.
/home/jupyter-koustav/fine_tuning/test_p/12405557037689578954.wav,"yūrapa ikka ajihā mahāṃdīpa hai jo uṃjha tāṃ ākāra vicca choṭā hai para isa vicca kaī sutaṃtara deśa śāmala hana. āma hālātāṃ vicca, kaī deśāṃ dī yātarā karana dā bhāva kaī vīzā arazīāṃ ate pāsaporaṭa niyaṃtaraṇa viccoṃ guzarana toṃ huṃdā hai.",A female speaker speaks clearly in Punjabi with a natural tone and moderate pace in a quiet environment.
/home/jupyter-koustav/fine_tuning/test_p/6212183600007658029.wav,"pula de heṭhāṃ varaṭīkala kalīaraiṃsa 15 mīṭara hai. usārī agasata 2011 vicca pūrī ho gaī sī, iha māraca 2017 takka ṭraiphika laī nahīṃ khullhiā.",A female speaker speaks clearly in Punjabi with a natural tone and moderate pace in a quiet environment.
/home/jupyter-koustav/fine_tuning/test_p/8123805414578844174.wav,"pula de heṭhāṃ varaṭīkala kalīaraiṃsa 15 mīṭara hai. usārī agasata 2011 vicca pūrī ho gaī sī, iha māraca 2017 takka ṭraiphika laī nahīṃ khullhiā.",A female speaker speaks clearly in Punjabi with a natural tone and moderate pace in a quiet environment.
/home/jupyter-koustav/fine_tuning/test_p/17582532824635403056.wav,"pula de heṭhāṃ varaṭīkala kalīaraiṃsa 15 mīṭara hai. usārī agasata 2011 vicca pūrī ho gaī sī, iha māraca 2017 takka ṭraiphika laī nahīṃ khullhiā.",A female speaker speaks clearly in Punjabi with a natural tone and moderate pace in a quiet environment.
/home/jupyter-koustav/fine_tuning/test_p/14093056836968663759.wav,"sapariṃgabokasa laī, isane paṃja maicāṃ dī hīra dā silasalā k͟hatama kara dittā.",A female speaker speaks clearly in Punjabi with a natural tone and moderate pace in a quiet environment.
/home/jupyter-koustav/fine_tuning/test_p/15352002915456595605.wav,"sapariṃgabokasa laī, isane paṃja maicāṃ dī hīra dā silasalā k͟hatama kara dittā.",A female speaker speaks clearly in Punjabi with a natural tone and moderate pace in a quiet environment.
/home/jupyter-koustav/fine_tuning/test_p/10491692216554738615.wav,"muhamadda isa duniāvī ziṃdagī toṃ pare viśiāṃ vicca giharī dilacapasī rakkhade sī. uha ciṃtana laī akasara ikka gufā vicca jāiā karade sī jo ""nūra"" (rauśanī) nāmaka pahār̤a 'te ""hīrā"" de nāma toṃ jāṇī jāṃdī hai.",A female speaker speaks clearly in Punjabi with a natural tone and moderate pace in a quiet environment.
/home/jupyter-koustav/fine_tuning/test_p/11668164068491733773.wav,"muhamadda isa duniāvī ziṃdagī toṃ pare viśiāṃ vicca giharī dilacapasī rakkhade sī. uha ciṃtana laī akasara ikka gufā vicca jāiā karade sī jo ""nūra"" (rauśanī) nāmaka pahār̤a 'te ""hīrā"" de nāma toṃ jāṇī jāṃdī hai.",A female speaker speaks clearly in Punjabi with a natural tone and moderate pace in a quiet environment.
/home/jupyter-koustav/fine_tuning/test_p/15732424593937108740.wav,"muhamadda isa duniāvī ziṃdagī toṃ pare viśiāṃ vicca giharī dilacapasī rakkhade sī. uha ciṃtana laī akasara ikka gufā vicca jāiā karade sī jo ""nūra"" (rauśanī) nāmaka pahār̤a 'te ""hīrā"" de nāma toṃ jāṇī jāṃdī hai.",A female speaker speaks clearly in Punjabi with a natural tone and moderate pace in a quiet environment.
/home/jupyter-koustav/fine_tuning/test_p/6984333172014435651.wav,"śera dī dahār̤a babbara śera dī pūrī uccī avāza vālī dahār̤a varagī nahīṃ huṃdī, balaki ghura-ghura karade, cīkaṇa vāle śabadāṃ de ikka vāka vāṃga ziādā laggadī hai.",A female speaker speaks clearly in Punjabi with a natural tone and moderate pace in a quiet environment.
/home/jupyter-koustav/fine_tuning/test_p/7815463908124050816.wav,"samājīkarana dī mahattatā darasāuṇa laī varate jāṇa vāle sabha toṃ āma tarīkiāṃ viccoṃ ikka hai unhāṃ maṃdabhāge bacciāṃ de kujha māmaliāṃ nūṃ peśa karanā jo aṇagahilī, badakisamatī, jāṃ jāṇabujjha ke kīte gae duravihāra de kārana, unhāṃ de vaddhaṇa phullaṇa de sameṃ daurāna bālagāṃ duārā samājaka taura ‘te vicarana nahīṃ ditte gae.",A female speaker speaks clearly in Punjabi with a natural tone and moderate pace in a quiet environment.
/home/jupyter-koustav/fine_tuning/test_p/11017777234062787300.wav,"yūaisae jimanāsaṭikasa ate yūaisaosī dā ikka hī udeśa hai, jimanāsaṭika, ate hora kheḍāṃ nūṃ, jinhāṃ saṃbhava ho sake khiḍārīāṃ laī uhanāṃ surakkhiata baṇāuṇā tāṃ jo uha ikka surakkhiata, sakārātamaka ate saśakata vātāvaraṇa vicca āpaṇe supaniāṃ nūṃ pūrā kara sakaṇa.",A female speaker speaks clearly in Punjabi with a natural tone and moderate pace in a quiet environment.
/home/jupyter-koustav/fine_tuning/test_p/6929672749898525069.wav,"aisusa ī pīsī, pahilāṃ lāgata-bacata ate kāraja samaratthā de kārakāṃ laī dunīāṃ bhara vicca lāṃca kītā giā sī, 2007 tāipī āīṭī mahīne vicca tājā viśā baṇa giā.",A female speaker speaks clearly in Punjabi with a natural tone and moderate pace in a quiet environment.
/home/jupyter-koustav/fine_tuning/test_p/4338710181625298373.wav,"jada ki ikka prayogamaī vaikasīna ībolā dī mauta dara nūṃ ghaṭṭa karana vicca saphala dikhāī de rahī hai, para hāle takka vī, koī vī ajihī davāī nahīṃ milī jo maujūdā inafaikaśana nūṃ ṭhīka karana vicca sapaśaṭa tarīke nāla asaradāra rahī hove.",A female speaker speaks clearly in Punjabi with a natural tone and moderate pace in a quiet environment.
/home/jupyter-koustav/fine_tuning/test_p/8475843753375415633.wav,"jada ki ikka prayogamaī vaikasīna ībolā dī mauta dara nūṃ ghaṭṭa karana vicca saphala dikhāī de rahī hai, para hāle takka vī, koī vī ajihī davāī nahīṃ milī jo maujūdā inafaikaśana nūṃ ṭhīka karana vicca sapaśaṭa tarīke nāla asaradāra rahī hove.",A female speaker speaks clearly in Punjabi with a natural tone and moderate pace in a quiet environment.
/home/jupyter-koustav/fine_tuning/test_p/11997025880328392425.wav,"sabbhiatā ikka ajihī ikalautā sabbhiācāra huṃdā hai jo sahiyoga nāla rahiṃde ate kamma karana vāle lokāṃ de vaḍḍe samūha, samāja duārā sāṃjhā kītā jāṃdā hai.",A female speaker speaks clearly in Punjabi with a natural tone and moderate pace in a quiet environment.
/home/jupyter-koustav/fine_tuning/test_p/6739204334424069283.wav,"sabbhiatā ikka ajihī ikalautā sabbhiācāra huṃdā hai jo sahiyoga nāla rahiṃde ate kamma karana vāle lokāṃ de vaḍḍe samūha, samāja duārā sāṃjhā kītā jāṃdā hai.",A female speaker speaks clearly in Punjabi with a natural tone and moderate pace in a quiet environment.
/home/jupyter-koustav/fine_tuning/test_p/8937432812663346953.wav,"sabbhiatā ikka ajihī ikalautā sabbhiācāra huṃdā hai jo sahiyoga nāla rahiṃde ate kamma karana vāle lokāṃ de vaḍḍe samūha, samāja duārā sāṃjhā kītā jāṃdā hai.",A female speaker speaks clearly in Punjabi with a natural tone and moderate pace in a quiet environment.
/home/jupyter-koustav/fine_tuning/test_p/15637910244402177977.wav,"tuhāḍe hatthāṃ dī namī bāharī paratāṃ nāla pratīkiriā karegī, jo ki mazākiā dikhāī devegī ate iha ikka kisama dā śailla baṇāegī.",A female speaker speaks clearly in Punjabi with a natural tone and moderate pace in a quiet environment.
/home/jupyter-koustav/fine_tuning/test_p/13566029544803271516.wav,"tuhāḍe hatthāṃ dī namī bāharī paratāṃ nāla pratīkiriā karegī, jo ki mazākiā dikhāī devegī ate iha ikka kisama dā śailla baṇāegī.",A female speaker speaks clearly in Punjabi with a natural tone and moderate pace in a quiet environment.
/home/jupyter-koustav/fine_tuning/test_p/13206417457171954442.wav,"tuhāḍe hatthāṃ dī namī bāharī paratāṃ nāla pratīkiriā karegī, jo ki mazākiā dikhāī devegī ate iha ikka kisama dā śailla baṇāegī.",A female speaker speaks clearly in Punjabi with a natural tone and moderate pace in a quiet environment.
/home/jupyter-koustav/fine_tuning/test_p/2846757973786729430.wav,ikka phīlaḍa ṭarippa nūṃ varacuala taura ‘te sāṃjhā karanā bhavikkhī kalāsāṃ de nāla yātarā daurāna hoe anubhavāṃ nūṃ viakata karana ate uhanāṃ bāre galla karana dā ikka adabhuta ḍhaṃga hai.,A female speaker speaks clearly in Punjabi with a natural tone and moderate pace in a quiet environment.
/home/jupyter-koustav/fine_tuning/test_p/9584883713400315701.wav,ikka phīlaḍa ṭarippa nūṃ varacuala taura ‘te sāṃjhā karanā bhavikkhī kalāsāṃ de nāla yātarā daurāna hoe anubhavāṃ nūṃ viakata karana ate uhanāṃ bāre galla karana dā ikka adabhuta ḍhaṃga hai.,A female speaker speaks clearly in Punjabi with a natural tone and moderate pace in a quiet environment.
